<?xml version="1.0" encoding="UTF-8"?>
<gpx version="1.1" creator="ON.VOYAGE synthetic generator" xmlns="http://www.topografix.com/GPX/1/1">
  <metadata><name>walk_vieux_port</name><desc>Synthetic walk at 3 km/h around the Vieux-Port, 45 s pause at the town hall.</desc></metadata>
  <trk><name>walk_vieux_port</name><trkseg>
    <trkpt lat="43.295213" lon="5.373596"><time>2026-06-14T09:00:00Z</time><extensions><accuracy>7</accuracy></extensions></trkpt>
    <trkpt lat="43.295225" lon="5.373550"><time>2026-06-14T09:00:03Z</time><extensions><accuracy>12</accuracy></extensions></trkpt>
    <trkpt lat="43.295233" lon="5.373527"><time>2026-06-14T09:00:06Z</time><extensions><accuracy>11</accuracy></extensions></trkpt>
    <trkpt lat="43.295239" lon="5.373488"><time>2026-06-14T09:00:09Z</time><extensions><accuracy>8</accuracy></extensions></trkpt>
    <trkpt lat="43.295237" lon="5.373494"><time>2026-06-14T09:00:12Z</time><extensions><accuracy>9</accuracy></extensions></trkpt>
    <trkpt lat="43.295231" lon="5.373452"><time>2026-06-14T09:00:15Z</time><extensions><accuracy>10</accuracy></extensions></trkpt>
    <trkpt lat="43.295293" lon="5.373456"><time>2026-06-14T09:00:18Z</time><extensions><accuracy>11</accuracy></extensions></trkpt>
    <trkpt lat="43.295343" lon="5.373414"><time>2026-06-14T09:00:21Z</time><extensions><accuracy>8</accuracy></extensions></trkpt>
    <trkpt lat="43.295307" lon="5.373378"><time>2026-06-14T09:00:24Z</time><extensions><accuracy>11</accuracy></extensions></trkpt>
    <trkpt lat="43.295290" lon="5.373319"><time>2026-06-14T09:00:27Z</time><extensions><accuracy>12</accuracy></extensions></trkpt>
    <trkpt lat="43.295299" lon="5.373385"><time>2026-06-14T09:00:30Z</time><extensions><accuracy>7</accuracy></extensions></trkpt>
    <trkpt lat="43.295362" lon="5.373324"><time>2026-06-14T09:00:33Z</time><extensions><accuracy>6</accuracy></extensions></trkpt>
    <trkpt lat="43.295317" lon="5.373244"><time>2026-06-14T09:00:36Z</time><extensions><accuracy>11</accuracy></extensions></trkpt>
    <trkpt lat="43.295360" lon="5.373225"><time>2026-06-14T09:00:39Z</time><extensions><accuracy>8</accuracy></extensions></trkpt>
    <trkpt lat="43.295363" lon="5.373229"><time>2026-06-14T09:00:42Z</time><extensions><accuracy>9</accuracy></extensions></trkpt>
    <trkpt lat="43.295346" lon="5.373179"><time>2026-06-14T09:00:45Z</time><extensions><accuracy>14</accuracy></extensions></trkpt>
    <trkpt lat="43.295366" lon="5.373196"><time>2026-06-14T09:00:48Z</time><extensions><accuracy>13</accuracy></extensions></trkpt>
    <trkpt lat="43.295393" lon="5.373159"><time>2026-06-14T09:00:51Z</time><extensions><accuracy>10</accuracy></extensions></trkpt>
    <trkpt lat="43.295432" lon="5.373115"><time>2026-06-14T09:00:54Z</time><extensions><accuracy>13</accuracy></extensions></trkpt>
    <trkpt lat="43.295474" lon="5.373064"><time>2026-06-14T09:00:57Z</time><extensions><accuracy>7</accuracy></extensions></trkpt>
    <trkpt lat="43.295472" lon="5.373100"><time>2026-06-14T09:01:00Z</time><extensions><accuracy>13</accuracy></extensions></trkpt>
    <trkpt lat="43.295484" lon="5.373116"><time>2026-06-14T09:01:03Z</time><extensions><accuracy>14</accuracy></extensions></trkpt>
    <trkpt lat="43.295437" lon="5.373015"><time>2026-06-14T09:01:06Z</time><extensions><accuracy>11</accuracy></extensions></trkpt>
    <trkpt lat="43.295451" lon="5.372980"><time>2026-06-14T09:01:09Z</time><extensions><accuracy>8</accuracy></extensions></trkpt>
    <trkpt lat="43.295495" lon="5.372942"><time>2026-06-14T09:01:12Z</time><extensions><accuracy>13</accuracy></extensions></trkpt>
    <trkpt lat="43.295487" lon="5.372967"><time>2026-06-14T09:01:15Z</time><extensions><accuracy>12</accuracy></extensions></trkpt>
    <trkpt lat="43.295537" lon="5.372938"><time>2026-06-14T09:01:18Z</time><extensions><accuracy>7</accuracy></extensions></trkpt>
    <trkpt lat="43.295493" lon="5.372867"><time>2026-06-14T09:01:21Z</time><extensions><accuracy>9</accuracy></extensions></trkpt>
    <trkpt lat="43.295544" lon="5.372876"><time>2026-06-14T09:01:24Z</time><extensions><accuracy>8</accuracy></extensions></trkpt>
    <trkpt lat="43.295570" lon="5.372824"><time>2026-06-14T09:01:27Z</time><extensions><accuracy>11</accuracy></extensions></trkpt>
    <trkpt lat="43.295509" lon="5.372843"><time>2026-06-14T09:01:30Z</time><extensions><accuracy>7</accuracy></extensions></trkpt>
    <trkpt lat="43.295558" lon="5.372832"><time>2026-06-14T09:01:33Z</time><extensions><accuracy>13</accuracy></extensions></trkpt>
    <trkpt lat="43.295562" lon="5.372777"><time>2026-06-14T09:01:36Z</time><extensions><accuracy>10</accuracy></extensions></trkpt>
    <trkpt lat="43.295617" lon="5.372751"><time>2026-06-14T09:01:39Z</time><extensions><accuracy>13</accuracy></extensions></trkpt>
    <trkpt lat="43.295626" lon="5.372745"><time>2026-06-14T09:01:42Z</time><extensions><accuracy>7</accuracy></extensions></trkpt>
    <trkpt lat="43.295625" lon="5.372714"><time>2026-06-14T09:01:45Z</time><extensions><accuracy>10</accuracy></extensions></trkpt>
    <trkpt lat="43.295614" lon="5.372676"><time>2026-06-14T09:01:48Z</time><extensions><accuracy>7</accuracy></extensions></trkpt>
    <trkpt lat="43.295642" lon="5.372672"><time>2026-06-14T09:01:51Z</time><extensions><accuracy>13</accuracy></extensions></trkpt>
    <trkpt lat="43.295639" lon="5.372622"><time>2026-06-14T09:01:54Z</time><extensions><accuracy>13</accuracy></extensions></trkpt>
    <trkpt lat="43.295651" lon="5.372562"><time>2026-06-14T09:01:57Z</time><extensions><accuracy>10</accuracy></extensions></trkpt>
    <trkpt lat="43.295698" lon="5.372604"><time>2026-06-14T09:02:00Z</time><extensions><accuracy>8</accuracy></extensions></trkpt>
    <trkpt lat="43.295699" lon="5.372539"><time>2026-06-14T09:02:03Z</time><extensions><accuracy>11</accuracy></extensions></trkpt>
    <trkpt lat="43.295738" lon="5.372442"><time>2026-06-14T09:02:06Z</time><extensions><accuracy>11</accuracy></extensions></trkpt>
    <trkpt lat="43.295667" lon="5.372486"><time>2026-06-14T09:02:09Z</time><extensions><accuracy>7</accuracy></extensions></trkpt>
    <trkpt lat="43.295727" lon="5.372490"><time>2026-06-14T09:02:12Z</time><extensions><accuracy>11</accuracy></extensions></trkpt>
    <trkpt lat="43.295771" lon="5.372441"><time>2026-06-14T09:02:15Z</time><extensions><accuracy>7</accuracy></extensions></trkpt>
    <trkpt lat="43.295745" lon="5.372399"><time>2026-06-14T09:02:18Z</time><extensions><accuracy>11</accuracy></extensions></trkpt>
    <trkpt lat="43.295712" lon="5.372429"><time>2026-06-14T09:02:21Z</time><extensions><accuracy>12</accuracy></extensions></trkpt>
    <trkpt lat="43.295810" lon="5.372369"><time>2026-06-14T09:02:24Z</time><extensions><accuracy>13</accuracy></extensions></trkpt>
    <trkpt lat="43.295765" lon="5.372337"><time>2026-06-14T09:02:27Z</time><extensions><accuracy>7</accuracy></extensions></trkpt>
    <trkpt lat="43.295792" lon="5.372302"><time>2026-06-14T09:02:30Z</time><extensions><accuracy>13</accuracy></extensions></trkpt>
    <trkpt lat="43.295817" lon="5.372249"><time>2026-06-14T09:02:33Z</time><extensions><accuracy>8</accuracy></extensions></trkpt>
    <trkpt lat="43.295813" lon="5.372258"><time>2026-06-14T09:02:36Z</time><extensions><accuracy>12</accuracy></extensions></trkpt>
    <trkpt lat="43.295815" lon="5.372218"><time>2026-06-14T09:02:39Z</time><extensions><accuracy>13</accuracy></extensions></trkpt>
    <trkpt lat="43.295865" lon="5.372175"><time>2026-06-14T09:02:42Z</time><extensions><accuracy>14</accuracy></extensions></trkpt>
    <trkpt lat="43.295839" lon="5.372212"><time>2026-06-14T09:02:45Z</time><extensions><accuracy>11</accuracy></extensions></trkpt>
    <trkpt lat="43.295888" lon="5.372082"><time>2026-06-14T09:02:48Z</time><extensions><accuracy>13</accuracy></extensions></trkpt>
    <trkpt lat="43.295898" lon="5.372148"><time>2026-06-14T09:02:51Z</time><extensions><accuracy>7</accuracy></extensions></trkpt>
    <trkpt lat="43.295899" lon="5.372103"><time>2026-06-14T09:02:54Z</time><extensions><accuracy>7</accuracy></extensions></trkpt>
    <trkpt lat="43.295916" lon="5.372099"><time>2026-06-14T09:02:57Z</time><extensions><accuracy>7</accuracy></extensions></trkpt>
    <trkpt lat="43.295905" lon="5.372003"><time>2026-06-14T09:03:00Z</time><extensions><accuracy>11</accuracy></extensions></trkpt>
    <trkpt lat="43.295924" lon="5.372055"><time>2026-06-14T09:03:03Z</time><extensions><accuracy>12</accuracy></extensions></trkpt>
    <trkpt lat="43.295914" lon="5.372000"><time>2026-06-14T09:03:06Z</time><extensions><accuracy>8</accuracy></extensions></trkpt>
    <trkpt lat="43.295947" lon="5.371898"><time>2026-06-14T09:03:09Z</time><extensions><accuracy>12</accuracy></extensions></trkpt>
    <trkpt lat="43.295973" lon="5.371922"><time>2026-06-14T09:03:12Z</time><extensions><accuracy>11</accuracy></extensions></trkpt>
    <trkpt lat="43.295976" lon="5.371881"><time>2026-06-14T09:03:15Z</time><extensions><accuracy>12</accuracy></extensions></trkpt>
    <trkpt lat="43.296026" lon="5.371881"><time>2026-06-14T09:03:18Z</time><extensions><accuracy>8</accuracy></extensions></trkpt>
    <trkpt lat="43.295942" lon="5.371835"><time>2026-06-14T09:03:21Z</time><extensions><accuracy>9</accuracy></extensions></trkpt>
    <trkpt lat="43.296040" lon="5.371879"><time>2026-06-14T09:03:24Z</time><extensions><accuracy>7</accuracy></extensions></trkpt>
    <trkpt lat="43.296049" lon="5.371776"><time>2026-06-14T09:03:27Z</time><extensions><accuracy>13</accuracy></extensions></trkpt>
    <trkpt lat="43.295995" lon="5.371737"><time>2026-06-14T09:03:30Z</time><extensions><accuracy>7</accuracy></extensions></trkpt>
    <trkpt lat="43.296046" lon="5.371763"><time>2026-06-14T09:03:33Z</time><extensions><accuracy>10</accuracy></extensions></trkpt>
    <trkpt lat="43.296054" lon="5.371735"><time>2026-06-14T09:03:36Z</time><extensions><accuracy>11</accuracy></extensions></trkpt>
    <trkpt lat="43.296076" lon="5.371697"><time>2026-06-14T09:03:39Z</time><extensions><accuracy>11</accuracy></extensions></trkpt>
    <trkpt lat="43.296107" lon="5.371633"><time>2026-06-14T09:03:42Z</time><extensions><accuracy>14</accuracy></extensions></trkpt>
    <trkpt lat="43.296117" lon="5.371612"><time>2026-06-14T09:03:45Z</time><extensions><accuracy>8</accuracy></extensions></trkpt>
    <trkpt lat="43.296118" lon="5.371654"><time>2026-06-14T09:03:48Z</time><extensions><accuracy>10</accuracy></extensions></trkpt>
    <trkpt lat="43.296095" lon="5.371611"><time>2026-06-14T09:03:51Z</time><extensions><accuracy>7</accuracy></extensions></trkpt>
    <trkpt lat="43.296158" lon="5.371596"><time>2026-06-14T09:03:54Z</time><extensions><accuracy>14</accuracy></extensions></trkpt>
    <trkpt lat="43.296150" lon="5.371551"><time>2026-06-14T09:03:57Z</time><extensions><accuracy>7</accuracy></extensions></trkpt>
    <trkpt lat="43.296194" lon="5.371547"><time>2026-06-14T09:04:00Z</time><extensions><accuracy>14</accuracy></extensions></trkpt>
    <trkpt lat="43.296165" lon="5.371488"><time>2026-06-14T09:04:03Z</time><extensions><accuracy>11</accuracy></extensions></trkpt>
    <trkpt lat="43.296184" lon="5.371463"><time>2026-06-14T09:04:06Z</time><extensions><accuracy>11</accuracy></extensions></trkpt>
    <trkpt lat="43.296194" lon="5.371465"><time>2026-06-14T09:04:09Z</time><extensions><accuracy>9</accuracy></extensions></trkpt>
    <trkpt lat="43.296236" lon="5.371422"><time>2026-06-14T09:04:12Z</time><extensions><accuracy>7</accuracy></extensions></trkpt>
    <trkpt lat="43.296239" lon="5.371393"><time>2026-06-14T09:04:15Z</time><extensions><accuracy>6</accuracy></extensions></trkpt>
    <trkpt lat="43.296211" lon="5.371323"><time>2026-06-14T09:04:18Z</time><extensions><accuracy>10</accuracy></extensions></trkpt>
    <trkpt lat="43.296222" lon="5.371313"><time>2026-06-14T09:04:21Z</time><extensions><accuracy>11</accuracy></extensions></trkpt>
    <trkpt lat="43.296280" lon="5.371304"><time>2026-06-14T09:04:24Z</time><extensions><accuracy>6</accuracy></extensions></trkpt>
    <trkpt lat="43.296268" lon="5.371334"><time>2026-06-14T09:04:27Z</time><extensions><accuracy>12</accuracy></extensions></trkpt>
    <trkpt lat="43.296290" lon="5.371239"><time>2026-06-14T09:04:30Z</time><extensions><accuracy>7</accuracy></extensions></trkpt>
    <trkpt lat="43.296290" lon="5.371221"><time>2026-06-14T09:04:33Z</time><extensions><accuracy>8</accuracy></extensions></trkpt>
    <trkpt lat="43.296305" lon="5.371184"><time>2026-06-14T09:04:36Z</time><extensions><accuracy>13</accuracy></extensions></trkpt>
    <trkpt lat="43.296334" lon="5.371171"><time>2026-06-14T09:04:39Z</time><extensions><accuracy>10</accuracy></extensions></trkpt>
    <trkpt lat="43.296365" lon="5.371155"><time>2026-06-14T09:04:42Z</time><extensions><accuracy>12</accuracy></extensions></trkpt>
    <trkpt lat="43.296355" lon="5.371108"><time>2026-06-14T09:04:45Z</time><extensions><accuracy>6</accuracy></extensions></trkpt>
    <trkpt lat="43.296357" lon="5.371111"><time>2026-06-14T09:04:48Z</time><extensions><accuracy>10</accuracy></extensions></trkpt>
    <trkpt lat="43.296358" lon="5.371081"><time>2026-06-14T09:04:51Z</time><extensions><accuracy>8</accuracy></extensions></trkpt>
    <trkpt lat="43.296409" lon="5.371030"><time>2026-06-14T09:04:54Z</time><extensions><accuracy>13</accuracy></extensions></trkpt>
    <trkpt lat="43.296389" lon="5.371009"><time>2026-06-14T09:04:57Z</time><extensions><accuracy>14</accuracy></extensions></trkpt>
    <trkpt lat="43.296396" lon="5.370988"><time>2026-06-14T09:05:00Z</time><extensions><accuracy>7</accuracy></extensions></trkpt>
    <trkpt lat="43.296436" lon="5.370929"><time>2026-06-14T09:05:03Z</time><extensions><accuracy>8</accuracy></extensions></trkpt>
    <trkpt lat="43.296429" lon="5.370937"><time>2026-06-14T09:05:06Z</time><extensions><accuracy>9</accuracy></extensions></trkpt>
    <trkpt lat="43.296444" lon="5.370927"><time>2026-06-14T09:05:09Z</time><extensions><accuracy>9</accuracy></extensions></trkpt>
    <trkpt lat="43.296481" lon="5.370895"><time>2026-06-14T09:05:12Z</time><extensions><accuracy>8</accuracy></extensions></trkpt>
    <trkpt lat="43.296495" lon="5.370848"><time>2026-06-14T09:05:15Z</time><extensions><accuracy>6</accuracy></extensions></trkpt>
    <trkpt lat="43.296470" lon="5.370919"><time>2026-06-14T09:05:18Z</time><extensions><accuracy>10</accuracy></extensions></trkpt>
    <trkpt lat="43.296434" lon="5.370778"><time>2026-06-14T09:05:21Z</time><extensions><accuracy>12</accuracy></extensions></trkpt>
    <trkpt lat="43.296506" lon="5.370866"><time>2026-06-14T09:05:24Z</time><extensions><accuracy>11</accuracy></extensions></trkpt>
    <trkpt lat="43.296515" lon="5.370666"><time>2026-06-14T09:05:27Z</time><extensions><accuracy>11</accuracy></extensions></trkpt>
    <trkpt lat="43.296456" lon="5.370776"><time>2026-06-14T09:05:30Z</time><extensions><accuracy>8</accuracy></extensions></trkpt>
    <trkpt lat="43.296524" lon="5.370691"><time>2026-06-14T09:05:33Z</time><extensions><accuracy>14</accuracy></extensions></trkpt>
    <trkpt lat="43.296553" lon="5.370661"><time>2026-06-14T09:05:37Z</time><extensions><accuracy>7</accuracy></extensions></trkpt>
    <trkpt lat="43.296574" lon="5.370629"><time>2026-06-14T09:05:40Z</time><extensions><accuracy>9</accuracy></extensions></trkpt>
    <trkpt lat="43.296559" lon="5.370594"><time>2026-06-14T09:05:43Z</time><extensions><accuracy>12</accuracy></extensions></trkpt>
    <trkpt lat="43.296615" lon="5.370656"><time>2026-06-14T09:05:46Z</time><extensions><accuracy>6</accuracy></extensions></trkpt>
    <trkpt lat="43.296583" lon="5.370638"><time>2026-06-14T09:05:49Z</time><extensions><accuracy>11</accuracy></extensions></trkpt>
    <trkpt lat="43.296609" lon="5.370567"><time>2026-06-14T09:05:52Z</time><extensions><accuracy>14</accuracy></extensions></trkpt>
    <trkpt lat="43.296610" lon="5.370459"><time>2026-06-14T09:05:55Z</time><extensions><accuracy>7</accuracy></extensions></trkpt>
    <trkpt lat="43.296633" lon="5.370485"><time>2026-06-14T09:05:58Z</time><extensions><accuracy>11</accuracy></extensions></trkpt>
    <trkpt lat="43.296669" lon="5.370420"><time>2026-06-14T09:06:01Z</time><extensions><accuracy>12</accuracy></extensions></trkpt>
    <trkpt lat="43.296632" lon="5.370426"><time>2026-06-14T09:06:04Z</time><extensions><accuracy>11</accuracy></extensions></trkpt>
    <trkpt lat="43.296632" lon="5.370460"><time>2026-06-14T09:06:07Z</time><extensions><accuracy>11</accuracy></extensions></trkpt>
    <trkpt lat="43.296684" lon="5.370400"><time>2026-06-14T09:06:10Z</time><extensions><accuracy>13</accuracy></extensions></trkpt>
    <trkpt lat="43.296684" lon="5.370434"><time>2026-06-14T09:06:13Z</time><extensions><accuracy>13</accuracy></extensions></trkpt>
    <trkpt lat="43.296674" lon="5.370389"><time>2026-06-14T09:06:16Z</time><extensions><accuracy>9</accuracy></extensions></trkpt>
    <trkpt lat="43.296712" lon="5.370444"><time>2026-06-14T09:06:19Z</time><extensions><accuracy>12</accuracy></extensions></trkpt>
    <trkpt lat="43.296663" lon="5.370417"><time>2026-06-14T09:06:22Z</time><extensions><accuracy>9</accuracy></extensions></trkpt>
    <trkpt lat="43.296695" lon="5.370399"><time>2026-06-14T09:06:25Z</time><extensions><accuracy>13</accuracy></extensions></trkpt>
    <trkpt lat="43.296660" lon="5.370365"><time>2026-06-14T09:06:28Z</time><extensions><accuracy>11</accuracy></extensions></trkpt>
    <trkpt lat="43.296696" lon="5.370425"><time>2026-06-14T09:06:31Z</time><extensions><accuracy>12</accuracy></extensions></trkpt>
    <trkpt lat="43.296680" lon="5.370385"><time>2026-06-14T09:06:34Z</time><extensions><accuracy>7</accuracy></extensions></trkpt>
    <trkpt lat="43.296707" lon="5.370376"><time>2026-06-14T09:06:37Z</time><extensions><accuracy>13</accuracy></extensions></trkpt>
    <trkpt lat="43.296688" lon="5.370416"><time>2026-06-14T09:06:40Z</time><extensions><accuracy>10</accuracy></extensions></trkpt>
    <trkpt lat="43.296644" lon="5.370420"><time>2026-06-14T09:06:43Z</time><extensions><accuracy>14</accuracy></extensions></trkpt>
    <trkpt lat="43.296665" lon="5.370357"><time>2026-06-14T09:06:46Z</time><extensions><accuracy>8</accuracy></extensions></trkpt>
    <trkpt lat="43.296687" lon="5.370386"><time>2026-06-14T09:06:49Z</time><extensions><accuracy>13</accuracy></extensions></trkpt>
    <trkpt lat="43.296682" lon="5.370348"><time>2026-06-14T09:06:52Z</time><extensions><accuracy>8</accuracy></extensions></trkpt>
    <trkpt lat="43.296698" lon="5.370440"><time>2026-06-14T09:06:55Z</time><extensions><accuracy>14</accuracy></extensions></trkpt>
    <trkpt lat="43.296703" lon="5.370346"><time>2026-06-14T09:06:58Z</time><extensions><accuracy>7</accuracy></extensions></trkpt>
    <trkpt lat="43.296705" lon="5.370358"><time>2026-06-14T09:07:01Z</time><extensions><accuracy>11</accuracy></extensions></trkpt>
    <trkpt lat="43.296705" lon="5.370332"><time>2026-06-14T09:07:04Z</time><extensions><accuracy>6</accuracy></extensions></trkpt>
    <trkpt lat="43.296764" lon="5.370286"><time>2026-06-14T09:07:07Z</time><extensions><accuracy>12</accuracy></extensions></trkpt>
    <trkpt lat="43.296766" lon="5.370289"><time>2026-06-14T09:07:10Z</time><extensions><accuracy>8</accuracy></extensions></trkpt>
    <trkpt lat="43.296775" lon="5.370254"><time>2026-06-14T09:07:13Z</time><extensions><accuracy>6</accuracy></extensions></trkpt>
    <trkpt lat="43.296817" lon="5.370249"><time>2026-06-14T09:07:16Z</time><extensions><accuracy>8</accuracy></extensions></trkpt>
    <trkpt lat="43.296807" lon="5.370182"><time>2026-06-14T09:07:19Z</time><extensions><accuracy>14</accuracy></extensions></trkpt>
    <trkpt lat="43.296826" lon="5.370206"><time>2026-06-14T09:07:22Z</time><extensions><accuracy>10</accuracy></extensions></trkpt>
    <trkpt lat="43.296830" lon="5.370148"><time>2026-06-14T09:07:25Z</time><extensions><accuracy>10</accuracy></extensions></trkpt>
    <trkpt lat="43.296886" lon="5.370156"><time>2026-06-14T09:07:28Z</time><extensions><accuracy>11</accuracy></extensions></trkpt>
    <trkpt lat="43.296860" lon="5.370129"><time>2026-06-14T09:07:31Z</time><extensions><accuracy>9</accuracy></extensions></trkpt>
    <trkpt lat="43.296851" lon="5.370093"><time>2026-06-14T09:07:34Z</time><extensions><accuracy>9</accuracy></extensions></trkpt>
    <trkpt lat="43.296932" lon="5.370044"><time>2026-06-14T09:07:37Z</time><extensions><accuracy>13</accuracy></extensions></trkpt>
    <trkpt lat="43.296948" lon="5.370008"><time>2026-06-14T09:07:40Z</time><extensions><accuracy>9</accuracy></extensions></trkpt>
    <trkpt lat="43.296939" lon="5.370010"><time>2026-06-14T09:07:43Z</time><extensions><accuracy>8</accuracy></extensions></trkpt>
    <trkpt lat="43.296906" lon="5.369962"><time>2026-06-14T09:07:46Z</time><extensions><accuracy>13</accuracy></extensions></trkpt>
    <trkpt lat="43.296955" lon="5.370013"><time>2026-06-14T09:07:49Z</time><extensions><accuracy>11</accuracy></extensions></trkpt>
    <trkpt lat="43.296969" lon="5.369939"><time>2026-06-14T09:07:52Z</time><extensions><accuracy>11</accuracy></extensions></trkpt>
    <trkpt lat="43.296962" lon="5.369923"><time>2026-06-14T09:07:55Z</time><extensions><accuracy>9</accuracy></extensions></trkpt>
    <trkpt lat="43.296992" lon="5.369918"><time>2026-06-14T09:07:58Z</time><extensions><accuracy>12</accuracy></extensions></trkpt>
    <trkpt lat="43.297021" lon="5.369885"><time>2026-06-14T09:08:01Z</time><extensions><accuracy>8</accuracy></extensions></trkpt>
    <trkpt lat="43.297015" lon="5.369837"><time>2026-06-14T09:08:04Z</time><extensions><accuracy>7</accuracy></extensions></trkpt>
    <trkpt lat="43.297019" lon="5.369860"><time>2026-06-14T09:08:07Z</time><extensions><accuracy>12</accuracy></extensions></trkpt>
    <trkpt lat="43.297071" lon="5.369773"><time>2026-06-14T09:08:10Z</time><extensions><accuracy>10</accuracy></extensions></trkpt>
    <trkpt lat="43.297099" lon="5.369814"><time>2026-06-14T09:08:13Z</time><extensions><accuracy>10</accuracy></extensions></trkpt>
    <trkpt lat="43.297131" lon="5.369748"><time>2026-06-14T09:08:16Z</time><extensions><accuracy>11</accuracy></extensions></trkpt>
    <trkpt lat="43.297073" lon="5.369747"><time>2026-06-14T09:08:19Z</time><extensions><accuracy>9</accuracy></extensions></trkpt>
    <trkpt lat="43.297121" lon="5.369706"><time>2026-06-14T09:08:22Z</time><extensions><accuracy>8</accuracy></extensions></trkpt>
    <trkpt lat="43.297125" lon="5.369727"><time>2026-06-14T09:08:25Z</time><extensions><accuracy>9</accuracy></extensions></trkpt>
    <trkpt lat="43.297136" lon="5.369694"><time>2026-06-14T09:08:28Z</time><extensions><accuracy>11</accuracy></extensions></trkpt>
    <trkpt lat="43.297178" lon="5.369658"><time>2026-06-14T09:08:31Z</time><extensions><accuracy>12</accuracy></extensions></trkpt>
    <trkpt lat="43.297169" lon="5.369650"><time>2026-06-14T09:08:34Z</time><extensions><accuracy>7</accuracy></extensions></trkpt>
    <trkpt lat="43.297221" lon="5.369629"><time>2026-06-14T09:08:37Z</time><extensions><accuracy>12</accuracy></extensions></trkpt>
    <trkpt lat="43.297200" lon="5.369561"><time>2026-06-14T09:08:40Z</time><extensions><accuracy>9</accuracy></extensions></trkpt>
    <trkpt lat="43.297218" lon="5.369589"><time>2026-06-14T09:08:43Z</time><extensions><accuracy>10</accuracy></extensions></trkpt>
    <trkpt lat="43.297235" lon="5.369538"><time>2026-06-14T09:08:46Z</time><extensions><accuracy>11</accuracy></extensions></trkpt>
    <trkpt lat="43.297283" lon="5.369537"><time>2026-06-14T09:08:49Z</time><extensions><accuracy>13</accuracy></extensions></trkpt>
    <trkpt lat="43.297277" lon="5.369509"><time>2026-06-14T09:08:52Z</time><extensions><accuracy>9</accuracy></extensions></trkpt>
    <trkpt lat="43.297301" lon="5.369471"><time>2026-06-14T09:08:55Z</time><extensions><accuracy>13</accuracy></extensions></trkpt>
    <trkpt lat="43.297291" lon="5.369494"><time>2026-06-14T09:08:58Z</time><extensions><accuracy>7</accuracy></extensions></trkpt>
    <trkpt lat="43.297302" lon="5.369407"><time>2026-06-14T09:09:01Z</time><extensions><accuracy>12</accuracy></extensions></trkpt>
    <trkpt lat="43.297356" lon="5.369440"><time>2026-06-14T09:09:04Z</time><extensions><accuracy>7</accuracy></extensions></trkpt>
    <trkpt lat="43.297328" lon="5.369371"><time>2026-06-14T09:09:07Z</time><extensions><accuracy>10</accuracy></extensions></trkpt>
    <trkpt lat="43.297356" lon="5.369346"><time>2026-06-14T09:09:10Z</time><extensions><accuracy>9</accuracy></extensions></trkpt>
    <trkpt lat="43.297362" lon="5.369346"><time>2026-06-14T09:09:13Z</time><extensions><accuracy>13</accuracy></extensions></trkpt>
    <trkpt lat="43.297434" lon="5.369338"><time>2026-06-14T09:09:16Z</time><extensions><accuracy>9</accuracy></extensions></trkpt>
    <trkpt lat="43.297429" lon="5.369370"><time>2026-06-14T09:09:19Z</time><extensions><accuracy>13</accuracy></extensions></trkpt>
    <trkpt lat="43.297424" lon="5.369319"><time>2026-06-14T09:09:22Z</time><extensions><accuracy>10</accuracy></extensions></trkpt>
    <trkpt lat="43.297439" lon="5.369244"><time>2026-06-14T09:09:25Z</time><extensions><accuracy>9</accuracy></extensions></trkpt>
    <trkpt lat="43.297528" lon="5.369191"><time>2026-06-14T09:09:28Z</time><extensions><accuracy>13</accuracy></extensions></trkpt>
    <trkpt lat="43.297473" lon="5.369225"><time>2026-06-14T09:09:31Z</time><extensions><accuracy>13</accuracy></extensions></trkpt>
    <trkpt lat="43.297477" lon="5.369184"><time>2026-06-14T09:09:34Z</time><extensions><accuracy>12</accuracy></extensions></trkpt>
    <trkpt lat="43.297527" lon="5.369215"><time>2026-06-14T09:09:37Z</time><extensions><accuracy>12</accuracy></extensions></trkpt>
    <trkpt lat="43.297508" lon="5.369149"><time>2026-06-14T09:09:40Z</time><extensions><accuracy>9</accuracy></extensions></trkpt>
    <trkpt lat="43.297528" lon="5.369130"><time>2026-06-14T09:09:43Z</time><extensions><accuracy>12</accuracy></extensions></trkpt>
    <trkpt lat="43.297524" lon="5.369115"><time>2026-06-14T09:09:46Z</time><extensions><accuracy>12</accuracy></extensions></trkpt>
    <trkpt lat="43.297587" lon="5.369099"><time>2026-06-14T09:09:49Z</time><extensions><accuracy>11</accuracy></extensions></trkpt>
    <trkpt lat="43.297612" lon="5.369026"><time>2026-06-14T09:09:52Z</time><extensions><accuracy>13</accuracy></extensions></trkpt>
    <trkpt lat="43.297579" lon="5.369062"><time>2026-06-14T09:09:55Z</time><extensions><accuracy>6</accuracy></extensions></trkpt>
    <trkpt lat="43.297613" lon="5.369057"><time>2026-06-14T09:09:58Z</time><extensions><accuracy>14</accuracy></extensions></trkpt>
    <trkpt lat="43.297623" lon="5.368991"><time>2026-06-14T09:10:01Z</time><extensions><accuracy>10</accuracy></extensions></trkpt>
    <trkpt lat="43.297657" lon="5.368953"><time>2026-06-14T09:10:04Z</time><extensions><accuracy>9</accuracy></extensions></trkpt>
    <trkpt lat="43.297623" lon="5.369016"><time>2026-06-14T09:10:07Z</time><extensions><accuracy>13</accuracy></extensions></trkpt>
    <trkpt lat="43.297674" lon="5.368909"><time>2026-06-14T09:10:10Z</time><extensions><accuracy>14</accuracy></extensions></trkpt>
    <trkpt lat="43.297632" lon="5.368969"><time>2026-06-14T09:10:13Z</time><extensions><accuracy>7</accuracy></extensions></trkpt>
    <trkpt lat="43.297694" lon="5.368932"><time>2026-06-14T09:10:16Z</time><extensions><accuracy>12</accuracy></extensions></trkpt>
    <trkpt lat="43.297713" lon="5.368938"><time>2026-06-14T09:10:19Z</time><extensions><accuracy>8</accuracy></extensions></trkpt>
    <trkpt lat="43.297755" lon="5.368899"><time>2026-06-14T09:10:22Z</time><extensions><accuracy>13</accuracy></extensions></trkpt>
    <trkpt lat="43.297777" lon="5.368942"><time>2026-06-14T09:10:25Z</time><extensions><accuracy>12</accuracy></extensions></trkpt>
    <trkpt lat="43.297775" lon="5.368876"><time>2026-06-14T09:10:28Z</time><extensions><accuracy>10</accuracy></extensions></trkpt>
    <trkpt lat="43.297787" lon="5.368888"><time>2026-06-14T09:10:31Z</time><extensions><accuracy>9</accuracy></extensions></trkpt>
    <trkpt lat="43.297861" lon="5.368887"><time>2026-06-14T09:10:34Z</time><extensions><accuracy>12</accuracy></extensions></trkpt>
    <trkpt lat="43.297876" lon="5.368839"><time>2026-06-14T09:10:37Z</time><extensions><accuracy>9</accuracy></extensions></trkpt>
    <trkpt lat="43.297869" lon="5.368815"><time>2026-06-14T09:10:40Z</time><extensions><accuracy>10</accuracy></extensions></trkpt>
    <trkpt lat="43.297929" lon="5.368811"><time>2026-06-14T09:10:43Z</time><extensions><accuracy>7</accuracy></extensions></trkpt>
    <trkpt lat="43.297963" lon="5.368823"><time>2026-06-14T09:10:46Z</time><extensions><accuracy>6</accuracy></extensions></trkpt>
    <trkpt lat="43.297922" lon="5.368842"><time>2026-06-14T09:10:49Z</time><extensions><accuracy>8</accuracy></extensions></trkpt>
    <trkpt lat="43.297957" lon="5.368843"><time>2026-06-14T09:10:52Z</time><extensions><accuracy>14</accuracy></extensions></trkpt>
    <trkpt lat="43.297981" lon="5.368854"><time>2026-06-14T09:10:55Z</time><extensions><accuracy>8</accuracy></extensions></trkpt>
    <trkpt lat="43.298012" lon="5.368764"><time>2026-06-14T09:10:58Z</time><extensions><accuracy>11</accuracy></extensions></trkpt>
    <trkpt lat="43.298056" lon="5.368768"><time>2026-06-14T09:11:01Z</time><extensions><accuracy>13</accuracy></extensions></trkpt>
    <trkpt lat="43.298067" lon="5.368827"><time>2026-06-14T09:11:04Z</time><extensions><accuracy>7</accuracy></extensions></trkpt>
    <trkpt lat="43.298100" lon="5.368750"><time>2026-06-14T09:11:07Z</time><extensions><accuracy>10</accuracy></extensions></trkpt>
    <trkpt lat="43.298137" lon="5.368832"><time>2026-06-14T09:11:10Z</time><extensions><accuracy>12</accuracy></extensions></trkpt>
    <trkpt lat="43.298130" lon="5.368846"><time>2026-06-14T09:11:13Z</time><extensions><accuracy>12</accuracy></extensions></trkpt>
    <trkpt lat="43.298140" lon="5.368771"><time>2026-06-14T09:11:16Z</time><extensions><accuracy>9</accuracy></extensions></trkpt>
    <trkpt lat="43.298156" lon="5.368769"><time>2026-06-14T09:11:19Z</time><extensions><accuracy>7</accuracy></extensions></trkpt>
    <trkpt lat="43.298207" lon="5.368704"><time>2026-06-14T09:11:22Z</time><extensions><accuracy>10</accuracy></extensions></trkpt>
    <trkpt lat="43.298232" lon="5.368779"><time>2026-06-14T09:11:25Z</time><extensions><accuracy>13</accuracy></extensions></trkpt>
    <trkpt lat="43.298302" lon="5.368742"><time>2026-06-14T09:11:28Z</time><extensions><accuracy>9</accuracy></extensions></trkpt>
    <trkpt lat="43.298236" lon="5.368726"><time>2026-06-14T09:11:31Z</time><extensions><accuracy>10</accuracy></extensions></trkpt>
    <trkpt lat="43.298276" lon="5.368765"><time>2026-06-14T09:11:34Z</time><extensions><accuracy>8</accuracy></extensions></trkpt>
    <trkpt lat="43.298300" lon="5.368740"><time>2026-06-14T09:11:37Z</time><extensions><accuracy>9</accuracy></extensions></trkpt>
    <trkpt lat="43.298361" lon="5.368702"><time>2026-06-14T09:11:40Z</time><extensions><accuracy>12</accuracy></extensions></trkpt>
    <trkpt lat="43.298333" lon="5.368703"><time>2026-06-14T09:11:43Z</time><extensions><accuracy>14</accuracy></extensions></trkpt>
    <trkpt lat="43.298396" lon="5.368675"><time>2026-06-14T09:11:46Z</time><extensions><accuracy>9</accuracy></extensions></trkpt>
    <trkpt lat="43.298415" lon="5.368708"><time>2026-06-14T09:11:49Z</time><extensions><accuracy>9</accuracy></extensions></trkpt>
    <trkpt lat="43.298394" lon="5.368675"><time>2026-06-14T09:11:52Z</time><extensions><accuracy>7</accuracy></extensions></trkpt>
    <trkpt lat="43.298428" lon="5.368693"><time>2026-06-14T09:11:56Z</time><extensions><accuracy>12</accuracy></extensions></trkpt>
    <trkpt lat="43.298465" lon="5.368675"><time>2026-06-14T09:11:59Z</time><extensions><accuracy>8</accuracy></extensions></trkpt>
    <trkpt lat="43.298530" lon="5.368640"><time>2026-06-14T09:12:02Z</time><extensions><accuracy>13</accuracy></extensions></trkpt>
    <trkpt lat="43.298515" lon="5.368660"><time>2026-06-14T09:12:05Z</time><extensions><accuracy>6</accuracy></extensions></trkpt>
    <trkpt lat="43.298557" lon="5.368650"><time>2026-06-14T09:12:08Z</time><extensions><accuracy>9</accuracy></extensions></trkpt>
    <trkpt lat="43.298569" lon="5.368718"><time>2026-06-14T09:12:11Z</time><extensions><accuracy>9</accuracy></extensions></trkpt>
    <trkpt lat="43.298581" lon="5.368589"><time>2026-06-14T09:12:14Z</time><extensions><accuracy>14</accuracy></extensions></trkpt>
    <trkpt lat="43.298641" lon="5.368608"><time>2026-06-14T09:12:17Z</time><extensions><accuracy>13</accuracy></extensions></trkpt>
    <trkpt lat="43.298594" lon="5.368660"><time>2026-06-14T09:12:20Z</time><extensions><accuracy>11</accuracy></extensions></trkpt>
    <trkpt lat="43.298624" lon="5.368593"><time>2026-06-14T09:12:23Z</time><extensions><accuracy>8</accuracy></extensions></trkpt>
    <trkpt lat="43.298688" lon="5.368687"><time>2026-06-14T09:12:26Z</time><extensions><accuracy>11</accuracy></extensions></trkpt>
    <trkpt lat="43.298687" lon="5.368639"><time>2026-06-14T09:12:29Z</time><extensions><accuracy>13</accuracy></extensions></trkpt>
    <trkpt lat="43.298682" lon="5.368639"><time>2026-06-14T09:12:32Z</time><extensions><accuracy>12</accuracy></extensions></trkpt>
    <trkpt lat="43.298696" lon="5.368582"><time>2026-06-14T09:12:35Z</time><extensions><accuracy>10</accuracy></extensions></trkpt>
    <trkpt lat="43.298749" lon="5.368555"><time>2026-06-14T09:12:38Z</time><extensions><accuracy>6</accuracy></extensions></trkpt>
    <trkpt lat="43.298755" lon="5.368570"><time>2026-06-14T09:12:41Z</time><extensions><accuracy>11</accuracy></extensions></trkpt>
    <trkpt lat="43.298809" lon="5.368558"><time>2026-06-14T09:12:44Z</time><extensions><accuracy>8</accuracy></extensions></trkpt>
    <trkpt lat="43.298810" lon="5.368516"><time>2026-06-14T09:12:47Z</time><extensions><accuracy>7</accuracy></extensions></trkpt>
    <trkpt lat="43.298818" lon="5.368576"><time>2026-06-14T09:12:50Z</time><extensions><accuracy>10</accuracy></extensions></trkpt>
    <trkpt lat="43.298868" lon="5.368572"><time>2026-06-14T09:12:53Z</time><extensions><accuracy>9</accuracy></extensions></trkpt>
    <trkpt lat="43.298899" lon="5.368570"><time>2026-06-14T09:12:56Z</time><extensions><accuracy>8</accuracy></extensions></trkpt>
    <trkpt lat="43.298864" lon="5.368534"><time>2026-06-14T09:12:59Z</time><extensions><accuracy>7</accuracy></extensions></trkpt>
    <trkpt lat="43.298902" lon="5.368550"><time>2026-06-14T09:13:02Z</time><extensions><accuracy>10</accuracy></extensions></trkpt>
    <trkpt lat="43.298919" lon="5.368496"><time>2026-06-14T09:13:05Z</time><extensions><accuracy>14</accuracy></extensions></trkpt>
    <trkpt lat="43.298928" lon="5.368481"><time>2026-06-14T09:13:08Z</time><extensions><accuracy>11</accuracy></extensions></trkpt>
    <trkpt lat="43.298976" lon="5.368434"><time>2026-06-14T09:13:11Z</time><extensions><accuracy>8</accuracy></extensions></trkpt>
    <trkpt lat="43.298994" lon="5.368449"><time>2026-06-14T09:13:14Z</time><extensions><accuracy>6</accuracy></extensions></trkpt>
    <trkpt lat="43.299025" lon="5.368412"><time>2026-06-14T09:13:17Z</time><extensions><accuracy>14</accuracy></extensions></trkpt>
    <trkpt lat="43.299056" lon="5.368456"><time>2026-06-14T09:13:20Z</time><extensions><accuracy>8</accuracy></extensions></trkpt>
    <trkpt lat="43.299080" lon="5.368497"><time>2026-06-14T09:13:23Z</time><extensions><accuracy>7</accuracy></extensions></trkpt>
    <trkpt lat="43.299031" lon="5.368474"><time>2026-06-14T09:13:26Z</time><extensions><accuracy>12</accuracy></extensions></trkpt>
    <trkpt lat="43.299085" lon="5.368481"><time>2026-06-14T09:13:29Z</time><extensions><accuracy>9</accuracy></extensions></trkpt>
    <trkpt lat="43.299135" lon="5.368437"><time>2026-06-14T09:13:32Z</time><extensions><accuracy>13</accuracy></extensions></trkpt>
    <trkpt lat="43.299148" lon="5.368469"><time>2026-06-14T09:13:35Z</time><extensions><accuracy>14</accuracy></extensions></trkpt>
    <trkpt lat="43.299194" lon="5.368445"><time>2026-06-14T09:13:38Z</time><extensions><accuracy>7</accuracy></extensions></trkpt>
    <trkpt lat="43.299177" lon="5.368377"><time>2026-06-14T09:13:41Z</time><extensions><accuracy>8</accuracy></extensions></trkpt>
    <trkpt lat="43.299226" lon="5.368429"><time>2026-06-14T09:13:44Z</time><extensions><accuracy>7</accuracy></extensions></trkpt>
    <trkpt lat="43.299202" lon="5.368407"><time>2026-06-14T09:13:47Z</time><extensions><accuracy>10</accuracy></extensions></trkpt>
    <trkpt lat="43.299230" lon="5.368389"><time>2026-06-14T09:13:50Z</time><extensions><accuracy>7</accuracy></extensions></trkpt>
    <trkpt lat="43.299254" lon="5.368350"><time>2026-06-14T09:13:53Z</time><extensions><accuracy>7</accuracy></extensions></trkpt>
    <trkpt lat="43.299285" lon="5.368410"><time>2026-06-14T09:13:56Z</time><extensions><accuracy>8</accuracy></extensions></trkpt>
    <trkpt lat="43.299373" lon="5.368415"><time>2026-06-14T09:13:59Z</time><extensions><accuracy>12</accuracy></extensions></trkpt>
    <trkpt lat="43.299395" lon="5.368365"><time>2026-06-14T09:14:02Z</time><extensions><accuracy>10</accuracy></extensions></trkpt>
    <trkpt lat="43.299353" lon="5.368335"><time>2026-06-14T09:14:05Z</time><extensions><accuracy>6</accuracy></extensions></trkpt>
    <trkpt lat="43.299393" lon="5.368382"><time>2026-06-14T09:14:08Z</time><extensions><accuracy>9</accuracy></extensions></trkpt>
    <trkpt lat="43.299462" lon="5.368361"><time>2026-06-14T09:14:11Z</time><extensions><accuracy>7</accuracy></extensions></trkpt>
    <trkpt lat="43.299445" lon="5.368330"><time>2026-06-14T09:14:14Z</time><extensions><accuracy>11</accuracy></extensions></trkpt>
    <trkpt lat="43.299514" lon="5.368350"><time>2026-06-14T09:14:17Z</time><extensions><accuracy>7</accuracy></extensions></trkpt>
    <trkpt lat="43.299454" lon="5.368340"><time>2026-06-14T09:14:20Z</time><extensions><accuracy>14</accuracy></extensions></trkpt>
    <trkpt lat="43.299499" lon="5.368283"><time>2026-06-14T09:14:23Z</time><extensions><accuracy>11</accuracy></extensions></trkpt>
    <trkpt lat="43.299539" lon="5.368281"><time>2026-06-14T09:14:26Z</time><extensions><accuracy>11</accuracy></extensions></trkpt>
    <trkpt lat="43.299599" lon="5.368275"><time>2026-06-14T09:14:29Z</time><extensions><accuracy>11</accuracy></extensions></trkpt>
    <trkpt lat="43.299558" lon="5.368288"><time>2026-06-14T09:14:32Z</time><extensions><accuracy>6</accuracy></extensions></trkpt>
    <trkpt lat="43.299547" lon="5.368295"><time>2026-06-14T09:14:35Z</time><extensions><accuracy>6</accuracy></extensions></trkpt>
    <trkpt lat="43.299625" lon="5.368287"><time>2026-06-14T09:14:39Z</time><extensions><accuracy>12</accuracy></extensions></trkpt>
    <trkpt lat="43.299634" lon="5.368313"><time>2026-06-14T09:14:42Z</time><extensions><accuracy>13</accuracy></extensions></trkpt>
    <trkpt lat="43.299662" lon="5.368236"><time>2026-06-14T09:14:45Z</time><extensions><accuracy>11</accuracy></extensions></trkpt>
    <trkpt lat="43.299684" lon="5.368278"><time>2026-06-14T09:14:48Z</time><extensions><accuracy>7</accuracy></extensions></trkpt>
    <trkpt lat="43.299697" lon="5.368220"><time>2026-06-14T09:14:51Z</time><extensions><accuracy>11</accuracy></extensions></trkpt>
    <trkpt lat="43.299724" lon="5.368215"><time>2026-06-14T09:14:54Z</time><extensions><accuracy>9</accuracy></extensions></trkpt>
    <trkpt lat="43.299703" lon="5.368222"><time>2026-06-14T09:14:57Z</time><extensions><accuracy>9</accuracy></extensions></trkpt>
    <trkpt lat="43.299787" lon="5.368206"><time>2026-06-14T09:15:00Z</time><extensions><accuracy>13</accuracy></extensions></trkpt>
    <trkpt lat="43.299772" lon="5.368210"><time>2026-06-14T09:15:03Z</time><extensions><accuracy>13</accuracy></extensions></trkpt>
    <trkpt lat="43.299793" lon="5.368189"><time>2026-06-14T09:15:06Z</time><extensions><accuracy>12</accuracy></extensions></trkpt>
    <trkpt lat="43.299845" lon="5.368245"><time>2026-06-14T09:15:09Z</time><extensions><accuracy>11</accuracy></extensions></trkpt>
    <trkpt lat="43.299833" lon="5.368162"><time>2026-06-14T09:15:12Z</time><extensions><accuracy>9</accuracy></extensions></trkpt>
    <trkpt lat="43.299869" lon="5.368113"><time>2026-06-14T09:15:15Z</time><extensions><accuracy>9</accuracy></extensions></trkpt>
    <trkpt lat="43.299904" lon="5.368171"><time>2026-06-14T09:15:18Z</time><extensions><accuracy>12</accuracy></extensions></trkpt>
    <trkpt lat="43.299890" lon="5.368142"><time>2026-06-14T09:15:21Z</time><extensions><accuracy>8</accuracy></extensions></trkpt>
    <trkpt lat="43.299919" lon="5.368195"><time>2026-06-14T09:15:24Z</time><extensions><accuracy>6</accuracy></extensions></trkpt>
    <trkpt lat="43.299925" lon="5.368191"><time>2026-06-14T09:15:27Z</time><extensions><accuracy>8</accuracy></extensions></trkpt>
    <trkpt lat="43.299961" lon="5.368181"><time>2026-06-14T09:15:30Z</time><extensions><accuracy>12</accuracy></extensions></trkpt>
    <trkpt lat="43.299979" lon="5.368143"><time>2026-06-14T09:15:33Z</time><extensions><accuracy>10</accuracy></extensions></trkpt>
    <trkpt lat="43.300054" lon="5.368161"><time>2026-06-14T09:15:36Z</time><extensions><accuracy>11</accuracy></extensions></trkpt>
    <trkpt lat="43.300023" lon="5.368176"><time>2026-06-14T09:15:39Z</time><extensions><accuracy>8</accuracy></extensions></trkpt>
    <trkpt lat="43.300080" lon="5.368096"><time>2026-06-14T09:15:42Z</time><extensions><accuracy>6</accuracy></extensions></trkpt>
    <trkpt lat="43.300084" lon="5.368136"><time>2026-06-14T09:15:45Z</time><extensions><accuracy>7</accuracy></extensions></trkpt>
    <trkpt lat="43.300119" lon="5.368129"><time>2026-06-14T09:15:48Z</time><extensions><accuracy>10</accuracy></extensions></trkpt>
    <trkpt lat="43.300157" lon="5.368085"><time>2026-06-14T09:15:51Z</time><extensions><accuracy>6</accuracy></extensions></trkpt>
    <trkpt lat="43.300166" lon="5.368104"><time>2026-06-14T09:15:54Z</time><extensions><accuracy>6</accuracy></extensions></trkpt>
    <trkpt lat="43.300172" lon="5.368099"><time>2026-06-14T09:15:57Z</time><extensions><accuracy>11</accuracy></extensions></trkpt>
    <trkpt lat="43.300221" lon="5.368071"><time>2026-06-14T09:16:00Z</time><extensions><accuracy>6</accuracy></extensions></trkpt>
    <trkpt lat="43.300273" lon="5.368022"><time>2026-06-14T09:16:03Z</time><extensions><accuracy>14</accuracy></extensions></trkpt>
    <trkpt lat="43.300212" lon="5.368093"><time>2026-06-14T09:16:06Z</time><extensions><accuracy>13</accuracy></extensions></trkpt>
    <trkpt lat="43.300260" lon="5.368045"><time>2026-06-14T09:16:09Z</time><extensions><accuracy>12</accuracy></extensions></trkpt>
    <trkpt lat="43.300265" lon="5.368025"><time>2026-06-14T09:16:12Z</time><extensions><accuracy>8</accuracy></extensions></trkpt>
    <trkpt lat="43.300296" lon="5.368047"><time>2026-06-14T09:16:15Z</time><extensions><accuracy>6</accuracy></extensions></trkpt>
    <trkpt lat="43.300323" lon="5.368024"><time>2026-06-14T09:16:18Z</time><extensions><accuracy>6</accuracy></extensions></trkpt>
    <trkpt lat="43.300380" lon="5.368029"><time>2026-06-14T09:16:21Z</time><extensions><accuracy>11</accuracy></extensions></trkpt>
    <trkpt lat="43.300379" lon="5.368022"><time>2026-06-14T09:16:24Z</time><extensions><accuracy>13</accuracy></extensions></trkpt>
    <trkpt lat="43.300401" lon="5.367961"><time>2026-06-14T09:16:27Z</time><extensions><accuracy>12</accuracy></extensions></trkpt>
    <trkpt lat="43.300443" lon="5.367987"><time>2026-06-14T09:16:30Z</time><extensions><accuracy>10</accuracy></extensions></trkpt>
    <trkpt lat="43.300419" lon="5.367959"><time>2026-06-14T09:16:33Z</time><extensions><accuracy>12</accuracy></extensions></trkpt>
    <trkpt lat="43.300474" lon="5.367927"><time>2026-06-14T09:16:36Z</time><extensions><accuracy>13</accuracy></extensions></trkpt>
    <trkpt lat="43.300479" lon="5.367924"><time>2026-06-14T09:16:39Z</time><extensions><accuracy>7</accuracy></extensions></trkpt>
    <trkpt lat="43.300527" lon="5.367951"><time>2026-06-14T09:16:42Z</time><extensions><accuracy>14</accuracy></extensions></trkpt>
    <trkpt lat="43.300538" lon="5.367895"><time>2026-06-14T09:16:45Z</time><extensions><accuracy>13</accuracy></extensions></trkpt>
    <trkpt lat="43.300551" lon="5.367867"><time>2026-06-14T09:16:48Z</time><extensions><accuracy>6</accuracy></extensions></trkpt>
    <trkpt lat="43.300594" lon="5.367845"><time>2026-06-14T09:16:51Z</time><extensions><accuracy>9</accuracy></extensions></trkpt>
    <trkpt lat="43.300539" lon="5.367820"><time>2026-06-14T09:16:54Z</time><extensions><accuracy>11</accuracy></extensions></trkpt>
    <trkpt lat="43.300591" lon="5.367825"><time>2026-06-14T09:16:57Z</time><extensions><accuracy>11</accuracy></extensions></trkpt>
    <trkpt lat="43.300600" lon="5.367759"><time>2026-06-14T09:17:00Z</time><extensions><accuracy>13</accuracy></extensions></trkpt>
    <trkpt lat="43.300612" lon="5.367820"><time>2026-06-14T09:17:03Z</time><extensions><accuracy>12</accuracy></extensions></trkpt>
    <trkpt lat="43.300661" lon="5.367772"><time>2026-06-14T09:17:06Z</time><extensions><accuracy>12</accuracy></extensions></trkpt>
    <trkpt lat="43.300639" lon="5.367718"><time>2026-06-14T09:17:09Z</time><extensions><accuracy>6</accuracy></extensions></trkpt>
    <trkpt lat="43.300665" lon="5.367703"><time>2026-06-14T09:17:12Z</time><extensions><accuracy>10</accuracy></extensions></trkpt>
    <trkpt lat="43.300703" lon="5.367700"><time>2026-06-14T09:17:15Z</time><extensions><accuracy>9</accuracy></extensions></trkpt>
    <trkpt lat="43.300726" lon="5.367698"><time>2026-06-14T09:17:18Z</time><extensions><accuracy>6</accuracy></extensions></trkpt>
    <trkpt lat="43.300748" lon="5.367662"><time>2026-06-14T09:17:21Z</time><extensions><accuracy>13</accuracy></extensions></trkpt>
    <trkpt lat="43.300733" lon="5.367619"><time>2026-06-14T09:17:24Z</time><extensions><accuracy>12</accuracy></extensions></trkpt>
    <trkpt lat="43.300783" lon="5.367646"><time>2026-06-14T09:17:27Z</time><extensions><accuracy>11</accuracy></extensions></trkpt>
    <trkpt lat="43.300761" lon="5.367642"><time>2026-06-14T09:17:30Z</time><extensions><accuracy>8</accuracy></extensions></trkpt>
    <trkpt lat="43.300785" lon="5.367571"><time>2026-06-14T09:17:33Z</time><extensions><accuracy>6</accuracy></extensions></trkpt>
    <trkpt lat="43.300785" lon="5.367527"><time>2026-06-14T09:17:36Z</time><extensions><accuracy>13</accuracy></extensions></trkpt>
    <trkpt lat="43.300801" lon="5.367561"><time>2026-06-14T09:17:39Z</time><extensions><accuracy>8</accuracy></extensions></trkpt>
    <trkpt lat="43.300884" lon="5.367589"><time>2026-06-14T09:17:42Z</time><extensions><accuracy>6</accuracy></extensions></trkpt>
    <trkpt lat="43.300831" lon="5.367525"><time>2026-06-14T09:17:45Z</time><extensions><accuracy>11</accuracy></extensions></trkpt>
    <trkpt lat="43.300940" lon="5.367454"><time>2026-06-14T09:17:48Z</time><extensions><accuracy>14</accuracy></extensions></trkpt>
    <trkpt lat="43.300908" lon="5.367468"><time>2026-06-14T09:17:51Z</time><extensions><accuracy>10</accuracy></extensions></trkpt>
    <trkpt lat="43.300919" lon="5.367482"><time>2026-06-14T09:17:54Z</time><extensions><accuracy>12</accuracy></extensions></trkpt>
    <trkpt lat="43.300963" lon="5.367448"><time>2026-06-14T09:17:57Z</time><extensions><accuracy>10</accuracy></extensions></trkpt>
    <trkpt lat="43.300961" lon="5.367428"><time>2026-06-14T09:18:00Z</time><extensions><accuracy>7</accuracy></extensions></trkpt>
    <trkpt lat="43.300923" lon="5.367363"><time>2026-06-14T09:18:03Z</time><extensions><accuracy>11</accuracy></extensions></trkpt>
    <trkpt lat="43.300993" lon="5.367448"><time>2026-06-14T09:18:06Z</time><extensions><accuracy>7</accuracy></extensions></trkpt>
    <trkpt lat="43.300978" lon="5.367342"><time>2026-06-14T09:18:09Z</time><extensions><accuracy>6</accuracy></extensions></trkpt>
    <trkpt lat="43.301039" lon="5.367338"><time>2026-06-14T09:18:12Z</time><extensions><accuracy>6</accuracy></extensions></trkpt>
    <trkpt lat="43.301083" lon="5.367255"><time>2026-06-14T09:18:15Z</time><extensions><accuracy>6</accuracy></extensions></trkpt>
    <trkpt lat="43.301087" lon="5.367301"><time>2026-06-14T09:18:18Z</time><extensions><accuracy>10</accuracy></extensions></trkpt>
    <trkpt lat="43.301051" lon="5.367293"><time>2026-06-14T09:18:21Z</time><extensions><accuracy>8</accuracy></extensions></trkpt>
    <trkpt lat="43.301103" lon="5.367299"><time>2026-06-14T09:18:24Z</time><extensions><accuracy>10</accuracy></extensions></trkpt>
    <trkpt lat="43.301108" lon="5.367209"><time>2026-06-14T09:18:27Z</time><extensions><accuracy>10</accuracy></extensions></trkpt>
    <trkpt lat="43.301145" lon="5.367271"><time>2026-06-14T09:18:30Z</time><extensions><accuracy>13</accuracy></extensions></trkpt>
    <trkpt lat="43.301166" lon="5.367169"><time>2026-06-14T09:18:33Z</time><extensions><accuracy>12</accuracy></extensions></trkpt>
    <trkpt lat="43.301171" lon="5.367232"><time>2026-06-14T09:18:36Z</time><extensions><accuracy>8</accuracy></extensions></trkpt>
    <trkpt lat="43.301184" lon="5.367176"><time>2026-06-14T09:18:39Z</time><extensions><accuracy>11</accuracy></extensions></trkpt>
    <trkpt lat="43.301174" lon="5.367126"><time>2026-06-14T09:18:42Z</time><extensions><accuracy>9</accuracy></extensions></trkpt>
    <trkpt lat="43.301218" lon="5.367141"><time>2026-06-14T09:18:45Z</time><extensions><accuracy>10</accuracy></extensions></trkpt>
    <trkpt lat="43.301208" lon="5.367166"><time>2026-06-14T09:18:48Z</time><extensions><accuracy>8</accuracy></extensions></trkpt>
    <trkpt lat="43.301246" lon="5.367095"><time>2026-06-14T09:18:51Z</time><extensions><accuracy>12</accuracy></extensions></trkpt>
    <trkpt lat="43.301302" lon="5.367075"><time>2026-06-14T09:18:54Z</time><extensions><accuracy>10</accuracy></extensions></trkpt>
    <trkpt lat="43.301271" lon="5.367095"><time>2026-06-14T09:18:57Z</time><extensions><accuracy>13</accuracy></extensions></trkpt>
    <trkpt lat="43.301320" lon="5.367042"><time>2026-06-14T09:19:00Z</time><extensions><accuracy>7</accuracy></extensions></trkpt>
    <trkpt lat="43.301335" lon="5.367026"><time>2026-06-14T09:19:03Z</time><extensions><accuracy>14</accuracy></extensions></trkpt>
    <trkpt lat="43.301320" lon="5.367071"><time>2026-06-14T09:19:06Z</time><extensions><accuracy>7</accuracy></extensions></trkpt>
    <trkpt lat="43.301387" lon="5.367034"><time>2026-06-14T09:19:09Z</time><extensions><accuracy>10</accuracy></extensions></trkpt>
    <trkpt lat="43.301393" lon="5.366957"><time>2026-06-14T09:19:12Z</time><extensions><accuracy>12</accuracy></extensions></trkpt>
    <trkpt lat="43.301392" lon="5.366870"><time>2026-06-14T09:19:15Z</time><extensions><accuracy>8</accuracy></extensions></trkpt>
    <trkpt lat="43.301391" lon="5.366904"><time>2026-06-14T09:19:18Z</time><extensions><accuracy>11</accuracy></extensions></trkpt>
    <trkpt lat="43.301464" lon="5.366900"><time>2026-06-14T09:19:21Z</time><extensions><accuracy>11</accuracy></extensions></trkpt>
    <trkpt lat="43.301450" lon="5.366921"><time>2026-06-14T09:19:24Z</time><extensions><accuracy>9</accuracy></extensions></trkpt>
    <trkpt lat="43.301438" lon="5.366875"><time>2026-06-14T09:19:27Z</time><extensions><accuracy>14</accuracy></extensions></trkpt>
    <trkpt lat="43.301492" lon="5.366889"><time>2026-06-14T09:19:30Z</time><extensions><accuracy>12</accuracy></extensions></trkpt>
    <trkpt lat="43.301529" lon="5.366815"><time>2026-06-14T09:19:33Z</time><extensions><accuracy>11</accuracy></extensions></trkpt>
    <trkpt lat="43.301513" lon="5.366827"><time>2026-06-14T09:19:36Z</time><extensions><accuracy>8</accuracy></extensions></trkpt>
    <trkpt lat="43.301573" lon="5.366827"><time>2026-06-14T09:19:39Z</time><extensions><accuracy>8</accuracy></extensions></trkpt>
    <trkpt lat="43.301567" lon="5.366832"><time>2026-06-14T09:19:42Z</time><extensions><accuracy>12</accuracy></extensions></trkpt>
    <trkpt lat="43.301600" lon="5.366756"><time>2026-06-14T09:19:45Z</time><extensions><accuracy>7</accuracy></extensions></trkpt>
    <trkpt lat="43.301577" lon="5.366739"><time>2026-06-14T09:19:48Z</time><extensions><accuracy>11</accuracy></extensions></trkpt>
    <trkpt lat="43.301616" lon="5.366657"><time>2026-06-14T09:19:51Z</time><extensions><accuracy>7</accuracy></extensions></trkpt>
    <trkpt lat="43.301632" lon="5.366693"><time>2026-06-14T09:19:54Z</time><extensions><accuracy>6</accuracy></extensions></trkpt>
    <trkpt lat="43.301658" lon="5.366713"><time>2026-06-14T09:19:57Z</time><extensions><accuracy>11</accuracy></extensions></trkpt>
    <trkpt lat="43.301659" lon="5.366669"><time>2026-06-14T09:20:00Z</time><extensions><accuracy>11</accuracy></extensions></trkpt>
    <trkpt lat="43.301741" lon="5.366703"><time>2026-06-14T09:20:03Z</time><extensions><accuracy>13</accuracy></extensions></trkpt>
    <trkpt lat="43.301691" lon="5.366611"><time>2026-06-14T09:20:06Z</time><extensions><accuracy>12</accuracy></extensions></trkpt>
    <trkpt lat="43.301760" lon="5.366600"><time>2026-06-14T09:20:10Z</time><extensions><accuracy>10</accuracy></extensions></trkpt>
    <trkpt lat="43.301744" lon="5.366596"><time>2026-06-14T09:20:13Z</time><extensions><accuracy>8</accuracy></extensions></trkpt>
    <trkpt lat="43.301754" lon="5.366591"><time>2026-06-14T09:20:16Z</time><extensions><accuracy>13</accuracy></extensions></trkpt>
    <trkpt lat="43.301785" lon="5.366564"><time>2026-06-14T09:20:19Z</time><extensions><accuracy>13</accuracy></extensions></trkpt>
    <trkpt lat="43.301757" lon="5.366509"><time>2026-06-14T09:20:22Z</time><extensions><accuracy>13</accuracy></extensions></trkpt>
    <trkpt lat="43.301783" lon="5.366518"><time>2026-06-14T09:20:25Z</time><extensions><accuracy>10</accuracy></extensions></trkpt>
    <trkpt lat="43.301853" lon="5.366533"><time>2026-06-14T09:20:28Z</time><extensions><accuracy>13</accuracy></extensions></trkpt>
    <trkpt lat="43.301843" lon="5.366488"><time>2026-06-14T09:20:31Z</time><extensions><accuracy>10</accuracy></extensions></trkpt>
    <trkpt lat="43.301862" lon="5.366487"><time>2026-06-14T09:20:34Z</time><extensions><accuracy>6</accuracy></extensions></trkpt>
    <trkpt lat="43.301859" lon="5.366446"><time>2026-06-14T09:20:37Z</time><extensions><accuracy>8</accuracy></extensions></trkpt>
    <trkpt lat="43.301912" lon="5.366434"><time>2026-06-14T09:20:40Z</time><extensions><accuracy>12</accuracy></extensions></trkpt>
    <trkpt lat="43.301888" lon="5.366476"><time>2026-06-14T09:20:43Z</time><extensions><accuracy>7</accuracy></extensions></trkpt>
    <trkpt lat="43.301988" lon="5.366419"><time>2026-06-14T09:20:46Z</time><extensions><accuracy>8</accuracy></extensions></trkpt>
    <trkpt lat="43.301931" lon="5.366404"><time>2026-06-14T09:20:49Z</time><extensions><accuracy>12</accuracy></extensions></trkpt>
    <trkpt lat="43.301938" lon="5.366379"><time>2026-06-14T09:20:52Z</time><extensions><accuracy>11</accuracy></extensions></trkpt>
    <trkpt lat="43.301959" lon="5.366378"><time>2026-06-14T09:20:55Z</time><extensions><accuracy>11</accuracy></extensions></trkpt>
    <trkpt lat="43.302014" lon="5.366368"><time>2026-06-14T09:20:58Z</time><extensions><accuracy>9</accuracy></extensions></trkpt>
    <trkpt lat="43.302008" lon="5.366277"><time>2026-06-14T09:21:01Z</time><extensions><accuracy>9</accuracy></extensions></trkpt>
    <trkpt lat="43.302065" lon="5.366298"><time>2026-06-14T09:21:04Z</time><extensions><accuracy>10</accuracy></extensions></trkpt>
    <trkpt lat="43.302090" lon="5.366317"><time>2026-06-14T09:21:07Z</time><extensions><accuracy>10</accuracy></extensions></trkpt>
    <trkpt lat="43.302082" lon="5.366267"><time>2026-06-14T09:21:10Z</time><extensions><accuracy>11</accuracy></extensions></trkpt>
    <trkpt lat="43.302113" lon="5.366229"><time>2026-06-14T09:21:13Z</time><extensions><accuracy>7</accuracy></extensions></trkpt>
    <trkpt lat="43.302124" lon="5.366273"><time>2026-06-14T09:21:16Z</time><extensions><accuracy>11</accuracy></extensions></trkpt>
    <trkpt lat="43.302156" lon="5.366281"><time>2026-06-14T09:21:19Z</time><extensions><accuracy>12</accuracy></extensions></trkpt>
    <trkpt lat="43.302157" lon="5.366229"><time>2026-06-14T09:21:22Z</time><extensions><accuracy>13</accuracy></extensions></trkpt>
    <trkpt lat="43.302182" lon="5.366165"><time>2026-06-14T09:21:25Z</time><extensions><accuracy>6</accuracy></extensions></trkpt>
    <trkpt lat="43.302216" lon="5.366116"><time>2026-06-14T09:21:28Z</time><extensions><accuracy>8</accuracy></extensions></trkpt>
    <trkpt lat="43.302191" lon="5.366129"><time>2026-06-14T09:21:31Z</time><extensions><accuracy>9</accuracy></extensions></trkpt>
    <trkpt lat="43.302200" lon="5.366075"><time>2026-06-14T09:21:34Z</time><extensions><accuracy>8</accuracy></extensions></trkpt>
    <trkpt lat="43.302256" lon="5.366031"><time>2026-06-14T09:21:37Z</time><extensions><accuracy>11</accuracy></extensions></trkpt>
    <trkpt lat="43.302242" lon="5.366039"><time>2026-06-14T09:21:40Z</time><extensions><accuracy>9</accuracy></extensions></trkpt>
    <trkpt lat="43.302317" lon="5.366056"><time>2026-06-14T09:21:43Z</time><extensions><accuracy>10</accuracy></extensions></trkpt>
    <trkpt lat="43.302293" lon="5.366031"><time>2026-06-14T09:21:46Z</time><extensions><accuracy>11</accuracy></extensions></trkpt>
    <trkpt lat="43.302317" lon="5.366001"><time>2026-06-14T09:21:49Z</time><extensions><accuracy>9</accuracy></extensions></trkpt>
    <trkpt lat="43.302327" lon="5.365990"><time>2026-06-14T09:21:52Z</time><extensions><accuracy>9</accuracy></extensions></trkpt>
    <trkpt lat="43.302344" lon="5.365961"><time>2026-06-14T09:21:55Z</time><extensions><accuracy>12</accuracy></extensions></trkpt>
    <trkpt lat="43.302358" lon="5.365951"><time>2026-06-14T09:21:58Z</time><extensions><accuracy>6</accuracy></extensions></trkpt>
    <trkpt lat="43.302375" lon="5.365943"><time>2026-06-14T09:22:01Z</time><extensions><accuracy>13</accuracy></extensions></trkpt>
    <trkpt lat="43.302443" lon="5.365962"><time>2026-06-14T09:22:04Z</time><extensions><accuracy>10</accuracy></extensions></trkpt>
    <trkpt lat="43.302464" lon="5.365919"><time>2026-06-14T09:22:07Z</time><extensions><accuracy>13</accuracy></extensions></trkpt>
    <trkpt lat="43.302450" lon="5.365949"><time>2026-06-14T09:22:10Z</time><extensions><accuracy>8</accuracy></extensions></trkpt>
    <trkpt lat="43.302430" lon="5.365851"><time>2026-06-14T09:22:13Z</time><extensions><accuracy>12</accuracy></extensions></trkpt>
    <trkpt lat="43.302489" lon="5.365812"><time>2026-06-14T09:22:16Z</time><extensions><accuracy>13</accuracy></extensions></trkpt>
    <trkpt lat="43.302479" lon="5.365840"><time>2026-06-14T09:22:19Z</time><extensions><accuracy>10</accuracy></extensions></trkpt>
    <trkpt lat="43.302494" lon="5.365813"><time>2026-06-14T09:22:22Z</time><extensions><accuracy>8</accuracy></extensions></trkpt>
    <trkpt lat="43.302540" lon="5.365781"><time>2026-06-14T09:22:25Z</time><extensions><accuracy>10</accuracy></extensions></trkpt>
    <trkpt lat="43.302541" lon="5.365745"><time>2026-06-14T09:22:28Z</time><extensions><accuracy>10</accuracy></extensions></trkpt>
    <trkpt lat="43.302563" lon="5.365717"><time>2026-06-14T09:22:31Z</time><extensions><accuracy>8</accuracy></extensions></trkpt>
    <trkpt lat="43.302580" lon="5.365746"><time>2026-06-14T09:22:34Z</time><extensions><accuracy>13</accuracy></extensions></trkpt>
    <trkpt lat="43.302585" lon="5.365718"><time>2026-06-14T09:22:37Z</time><extensions><accuracy>10</accuracy></extensions></trkpt>
    <trkpt lat="43.302592" lon="5.365696"><time>2026-06-14T09:22:40Z</time><extensions><accuracy>7</accuracy></extensions></trkpt>
    <trkpt lat="43.302634" lon="5.365666"><time>2026-06-14T09:22:43Z</time><extensions><accuracy>6</accuracy></extensions></trkpt>
    <trkpt lat="43.302653" lon="5.365665"><time>2026-06-14T09:22:46Z</time><extensions><accuracy>6</accuracy></extensions></trkpt>
    <trkpt lat="43.302702" lon="5.365602"><time>2026-06-14T09:22:49Z</time><extensions><accuracy>9</accuracy></extensions></trkpt>
    <trkpt lat="43.302669" lon="5.365601"><time>2026-06-14T09:22:52Z</time><extensions><accuracy>13</accuracy></extensions></trkpt>
    <trkpt lat="43.302659" lon="5.365635"><time>2026-06-14T09:22:55Z</time><extensions><accuracy>11</accuracy></extensions></trkpt>
    <trkpt lat="43.302728" lon="5.365515"><time>2026-06-14T09:22:58Z</time><extensions><accuracy>7</accuracy></extensions></trkpt>
    <trkpt lat="43.302754" lon="5.365583"><time>2026-06-14T09:23:01Z</time><extensions><accuracy>13</accuracy></extensions></trkpt>
    <trkpt lat="43.302772" lon="5.365499"><time>2026-06-14T09:23:04Z</time><extensions><accuracy>14</accuracy></extensions></trkpt>
    <trkpt lat="43.302756" lon="5.365524"><time>2026-06-14T09:23:07Z</time><extensions><accuracy>11</accuracy></extensions></trkpt>
    <trkpt lat="43.302763" lon="5.365505"><time>2026-06-14T09:23:10Z</time><extensions><accuracy>12</accuracy></extensions></trkpt>
    <trkpt lat="43.302833" lon="5.365539"><time>2026-06-14T09:23:13Z</time><extensions><accuracy>14</accuracy></extensions></trkpt>
    <trkpt lat="43.302808" lon="5.365432"><time>2026-06-14T09:23:16Z</time><extensions><accuracy>10</accuracy></extensions></trkpt>
    <trkpt lat="43.302863" lon="5.365485"><time>2026-06-14T09:23:19Z</time><extensions><accuracy>14</accuracy></extensions></trkpt>
    <trkpt lat="43.302843" lon="5.365465"><time>2026-06-14T09:23:22Z</time><extensions><accuracy>13</accuracy></extensions></trkpt>
    <trkpt lat="43.302891" lon="5.365362"><time>2026-06-14T09:23:25Z</time><extensions><accuracy>7</accuracy></extensions></trkpt>
    <trkpt lat="43.302892" lon="5.365422"><time>2026-06-14T09:23:28Z</time><extensions><accuracy>12</accuracy></extensions></trkpt>
    <trkpt lat="43.302888" lon="5.365313"><time>2026-06-14T09:23:31Z</time><extensions><accuracy>6</accuracy></extensions></trkpt>
    <trkpt lat="43.302947" lon="5.365388"><time>2026-06-14T09:23:34Z</time><extensions><accuracy>6</accuracy></extensions></trkpt>
    <trkpt lat="43.302980" lon="5.365378"><time>2026-06-14T09:23:37Z</time><extensions><accuracy>14</accuracy></extensions></trkpt>
    <trkpt lat="43.303020" lon="5.365275"><time>2026-06-14T09:23:40Z</time><extensions><accuracy>11</accuracy></extensions></trkpt>
    <trkpt lat="43.302971" lon="5.365273"><time>2026-06-14T09:23:43Z</time><extensions><accuracy>7</accuracy></extensions></trkpt>
    <trkpt lat="43.303049" lon="5.365275"><time>2026-06-14T09:23:46Z</time><extensions><accuracy>12</accuracy></extensions></trkpt>
    <trkpt lat="43.303024" lon="5.365286"><time>2026-06-14T09:23:49Z</time><extensions><accuracy>13</accuracy></extensions></trkpt>
    <trkpt lat="43.303063" lon="5.365219"><time>2026-06-14T09:23:52Z</time><extensions><accuracy>6</accuracy></extensions></trkpt>
    <trkpt lat="43.303057" lon="5.365158"><time>2026-06-14T09:23:55Z</time><extensions><accuracy>9</accuracy></extensions></trkpt>
    <trkpt lat="43.303130" lon="5.365232"><time>2026-06-14T09:23:58Z</time><extensions><accuracy>13</accuracy></extensions></trkpt>
    <trkpt lat="43.303088" lon="5.365232"><time>2026-06-14T09:24:01Z</time><extensions><accuracy>11</accuracy></extensions></trkpt>
    <trkpt lat="43.303104" lon="5.365217"><time>2026-06-14T09:24:04Z</time><extensions><accuracy>8</accuracy></extensions></trkpt>
    <trkpt lat="43.303058" lon="5.365191"><time>2026-06-14T09:24:07Z</time><extensions><accuracy>6</accuracy></extensions></trkpt>
    <trkpt lat="43.303021" lon="5.365194"><time>2026-06-14T09:24:10Z</time><extensions><accuracy>9</accuracy></extensions></trkpt>
    <trkpt lat="43.303001" lon="5.365112"><time>2026-06-14T09:24:13Z</time><extensions><accuracy>13</accuracy></extensions></trkpt>
    <trkpt lat="43.302969" lon="5.365139"><time>2026-06-14T09:24:16Z</time><extensions><accuracy>11</accuracy></extensions></trkpt>
    <trkpt lat="43.302955" lon="5.365099"><time>2026-06-14T09:24:19Z</time><extensions><accuracy>11</accuracy></extensions></trkpt>
    <trkpt lat="43.302974" lon="5.365055"><time>2026-06-14T09:24:22Z</time><extensions><accuracy>12</accuracy></extensions></trkpt>
    <trkpt lat="43.302956" lon="5.365122"><time>2026-06-14T09:24:25Z</time><extensions><accuracy>6</accuracy></extensions></trkpt>
    <trkpt lat="43.302940" lon="5.365128"><time>2026-06-14T09:24:28Z</time><extensions><accuracy>7</accuracy></extensions></trkpt>
    <trkpt lat="43.302904" lon="5.365041"><time>2026-06-14T09:24:31Z</time><extensions><accuracy>11</accuracy></extensions></trkpt>
    <trkpt lat="43.302864" lon="5.365080"><time>2026-06-14T09:24:34Z</time><extensions><accuracy>9</accuracy></extensions></trkpt>
    <trkpt lat="43.302907" lon="5.365038"><time>2026-06-14T09:24:37Z</time><extensions><accuracy>12</accuracy></extensions></trkpt>
    <trkpt lat="43.302868" lon="5.365035"><time>2026-06-14T09:24:40Z</time><extensions><accuracy>12</accuracy></extensions></trkpt>
    <trkpt lat="43.302852" lon="5.365020"><time>2026-06-14T09:24:43Z</time><extensions><accuracy>11</accuracy></extensions></trkpt>
    <trkpt lat="43.302769" lon="5.364990"><time>2026-06-14T09:24:46Z</time><extensions><accuracy>12</accuracy></extensions></trkpt>
    <trkpt lat="43.302783" lon="5.365010"><time>2026-06-14T09:24:49Z</time><extensions><accuracy>14</accuracy></extensions></trkpt>
    <trkpt lat="43.302758" lon="5.364972"><time>2026-06-14T09:24:52Z</time><extensions><accuracy>12</accuracy></extensions></trkpt>
    <trkpt lat="43.302737" lon="5.364973"><time>2026-06-14T09:24:55Z</time><extensions><accuracy>6</accuracy></extensions></trkpt>
    <trkpt lat="43.302668" lon="5.364953"><time>2026-06-14T09:24:58Z</time><extensions><accuracy>11</accuracy></extensions></trkpt>
    <trkpt lat="43.302666" lon="5.364982"><time>2026-06-14T09:25:01Z</time><extensions><accuracy>13</accuracy></extensions></trkpt>
    <trkpt lat="43.302681" lon="5.364877"><time>2026-06-14T09:25:04Z</time><extensions><accuracy>13</accuracy></extensions></trkpt>
    <trkpt lat="43.302652" lon="5.364927"><time>2026-06-14T09:25:07Z</time><extensions><accuracy>14</accuracy></extensions></trkpt>
    <trkpt lat="43.302613" lon="5.364893"><time>2026-06-14T09:25:10Z</time><extensions><accuracy>11</accuracy></extensions></trkpt>
    <trkpt lat="43.302612" lon="5.364908"><time>2026-06-14T09:25:13Z</time><extensions><accuracy>11</accuracy></extensions></trkpt>
    <trkpt lat="43.302626" lon="5.364858"><time>2026-06-14T09:25:16Z</time><extensions><accuracy>13</accuracy></extensions></trkpt>
    <trkpt lat="43.302590" lon="5.364856"><time>2026-06-14T09:25:19Z</time><extensions><accuracy>9</accuracy></extensions></trkpt>
    <trkpt lat="43.302552" lon="5.364831"><time>2026-06-14T09:25:22Z</time><extensions><accuracy>9</accuracy></extensions></trkpt>
    <trkpt lat="43.302522" lon="5.364849"><time>2026-06-14T09:25:25Z</time><extensions><accuracy>10</accuracy></extensions></trkpt>
    <trkpt lat="43.302517" lon="5.364797"><time>2026-06-14T09:25:28Z</time><extensions><accuracy>9</accuracy></extensions></trkpt>
    <trkpt lat="43.302503" lon="5.364767"><time>2026-06-14T09:25:31Z</time><extensions><accuracy>11</accuracy></extensions></trkpt>
    <trkpt lat="43.302493" lon="5.364743"><time>2026-06-14T09:25:34Z</time><extensions><accuracy>7</accuracy></extensions></trkpt>
    <trkpt lat="43.302449" lon="5.364715"><time>2026-06-14T09:25:37Z</time><extensions><accuracy>9</accuracy></extensions></trkpt>
    <trkpt lat="43.302410" lon="5.364725"><time>2026-06-14T09:25:40Z</time><extensions><accuracy>7</accuracy></extensions></trkpt>
    <trkpt lat="43.302393" lon="5.364791"><time>2026-06-14T09:25:43Z</time><extensions><accuracy>12</accuracy></extensions></trkpt>
    <trkpt lat="43.302346" lon="5.364720"><time>2026-06-14T09:25:46Z</time><extensions><accuracy>7</accuracy></extensions></trkpt>
    <trkpt lat="43.302425" lon="5.364677"><time>2026-06-14T09:25:49Z</time><extensions><accuracy>12</accuracy></extensions></trkpt>
    <trkpt lat="43.302333" lon="5.364699"><time>2026-06-14T09:25:52Z</time><extensions><accuracy>12</accuracy></extensions></trkpt>
    <trkpt lat="43.302334" lon="5.364632"><time>2026-06-14T09:25:55Z</time><extensions><accuracy>12</accuracy></extensions></trkpt>
    <trkpt lat="43.302248" lon="5.364705"><time>2026-06-14T09:25:58Z</time><extensions><accuracy>12</accuracy></extensions></trkpt>
    <trkpt lat="43.302301" lon="5.364702"><time>2026-06-14T09:26:01Z</time><extensions><accuracy>10</accuracy></extensions></trkpt>
    <trkpt lat="43.302253" lon="5.364685"><time>2026-06-14T09:26:04Z</time><extensions><accuracy>9</accuracy></extensions></trkpt>
    <trkpt lat="43.302222" lon="5.364643"><time>2026-06-14T09:26:07Z</time><extensions><accuracy>10</accuracy></extensions></trkpt>
    <trkpt lat="43.302257" lon="5.364579"><time>2026-06-14T09:26:10Z</time><extensions><accuracy>7</accuracy></extensions></trkpt>
    <trkpt lat="43.302194" lon="5.364562"><time>2026-06-14T09:26:13Z</time><extensions><accuracy>9</accuracy></extensions></trkpt>
    <trkpt lat="43.302150" lon="5.364589"><time>2026-06-14T09:26:16Z</time><extensions><accuracy>12</accuracy></extensions></trkpt>
    <trkpt lat="43.302199" lon="5.364598"><time>2026-06-14T09:26:19Z</time><extensions><accuracy>11</accuracy></extensions></trkpt>
    <trkpt lat="43.302161" lon="5.364529"><time>2026-06-14T09:26:22Z</time><extensions><accuracy>7</accuracy></extensions></trkpt>
    <trkpt lat="43.302117" lon="5.364529"><time>2026-06-14T09:26:25Z</time><extensions><accuracy>12</accuracy></extensions></trkpt>
    <trkpt lat="43.302133" lon="5.364546"><time>2026-06-14T09:26:28Z</time><extensions><accuracy>9</accuracy></extensions></trkpt>
    <trkpt lat="43.302055" lon="5.364503"><time>2026-06-14T09:26:31Z</time><extensions><accuracy>10</accuracy></extensions></trkpt>
    <trkpt lat="43.302038" lon="5.364524"><time>2026-06-14T09:26:34Z</time><extensions><accuracy>14</accuracy></extensions></trkpt>
    <trkpt lat="43.302058" lon="5.364519"><time>2026-06-14T09:26:37Z</time><extensions><accuracy>6</accuracy></extensions></trkpt>
    <trkpt lat="43.302043" lon="5.364508"><time>2026-06-14T09:26:40Z</time><extensions><accuracy>11</accuracy></extensions></trkpt>
    <trkpt lat="43.302020" lon="5.364431"><time>2026-06-14T09:26:43Z</time><extensions><accuracy>13</accuracy></extensions></trkpt>
    <trkpt lat="43.301981" lon="5.364401"><time>2026-06-14T09:26:46Z</time><extensions><accuracy>10</accuracy></extensions></trkpt>
    <trkpt lat="43.301985" lon="5.364434"><time>2026-06-14T09:26:49Z</time><extensions><accuracy>9</accuracy></extensions></trkpt>
    <trkpt lat="43.301985" lon="5.364421"><time>2026-06-14T09:26:52Z</time><extensions><accuracy>6</accuracy></extensions></trkpt>
    <trkpt lat="43.301934" lon="5.364383"><time>2026-06-14T09:26:55Z</time><extensions><accuracy>7</accuracy></extensions></trkpt>
    <trkpt lat="43.301892" lon="5.364387"><time>2026-06-14T09:26:58Z</time><extensions><accuracy>13</accuracy></extensions></trkpt>
    <trkpt lat="43.301890" lon="5.364323"><time>2026-06-14T09:27:01Z</time><extensions><accuracy>9</accuracy></extensions></trkpt>
    <trkpt lat="43.301881" lon="5.364388"><time>2026-06-14T09:27:04Z</time><extensions><accuracy>13</accuracy></extensions></trkpt>
    <trkpt lat="43.301879" lon="5.364335"><time>2026-06-14T09:27:07Z</time><extensions><accuracy>7</accuracy></extensions></trkpt>
    <trkpt lat="43.301848" lon="5.364414"><time>2026-06-14T09:27:10Z</time><extensions><accuracy>9</accuracy></extensions></trkpt>
    <trkpt lat="43.301795" lon="5.364357"><time>2026-06-14T09:27:13Z</time><extensions><accuracy>12</accuracy></extensions></trkpt>
    <trkpt lat="43.301826" lon="5.364343"><time>2026-06-14T09:27:16Z</time><extensions><accuracy>11</accuracy></extensions></trkpt>
    <trkpt lat="43.301758" lon="5.364302"><time>2026-06-14T09:27:19Z</time><extensions><accuracy>12</accuracy></extensions></trkpt>
    <trkpt lat="43.301735" lon="5.364319"><time>2026-06-14T09:27:22Z</time><extensions><accuracy>13</accuracy></extensions></trkpt>
    <trkpt lat="43.301753" lon="5.364358"><time>2026-06-14T09:27:25Z</time><extensions><accuracy>8</accuracy></extensions></trkpt>
    <trkpt lat="43.301702" lon="5.364282"><time>2026-06-14T09:27:28Z</time><extensions><accuracy>13</accuracy></extensions></trkpt>
    <trkpt lat="43.301695" lon="5.364271"><time>2026-06-14T09:27:31Z</time><extensions><accuracy>13</accuracy></extensions></trkpt>
    <trkpt lat="43.301669" lon="5.364280"><time>2026-06-14T09:27:34Z</time><extensions><accuracy>10</accuracy></extensions></trkpt>
    <trkpt lat="43.301638" lon="5.364265"><time>2026-06-14T09:27:37Z</time><extensions><accuracy>8</accuracy></extensions></trkpt>
    <trkpt lat="43.301630" lon="5.364260"><time>2026-06-14T09:27:40Z</time><extensions><accuracy>12</accuracy></extensions></trkpt>
    <trkpt lat="43.301605" lon="5.364244"><time>2026-06-14T09:27:43Z</time><extensions><accuracy>10</accuracy></extensions></trkpt>
    <trkpt lat="43.301568" lon="5.364198"><time>2026-06-14T09:27:46Z</time><extensions><accuracy>7</accuracy></extensions></trkpt>
    <trkpt lat="43.301555" lon="5.364155"><time>2026-06-14T09:27:49Z</time><extensions><accuracy>11</accuracy></extensions></trkpt>
    <trkpt lat="43.301566" lon="5.364163"><time>2026-06-14T09:27:52Z</time><extensions><accuracy>12</accuracy></extensions></trkpt>
    <trkpt lat="43.301522" lon="5.364155"><time>2026-06-14T09:27:55Z</time><extensions><accuracy>14</accuracy></extensions></trkpt>
    <trkpt lat="43.301488" lon="5.364116"><time>2026-06-14T09:27:58Z</time><extensions><accuracy>9</accuracy></extensions></trkpt>
    <trkpt lat="43.301484" lon="5.364100"><time>2026-06-14T09:28:01Z</time><extensions><accuracy>6</accuracy></extensions></trkpt>
    <trkpt lat="43.301459" lon="5.364145"><time>2026-06-14T09:28:04Z</time><extensions><accuracy>11</accuracy></extensions></trkpt>
    <trkpt lat="43.301454" lon="5.364118"><time>2026-06-14T09:28:07Z</time><extensions><accuracy>11</accuracy></extensions></trkpt>
    <trkpt lat="43.301456" lon="5.364132"><time>2026-06-14T09:28:10Z</time><extensions><accuracy>6</accuracy></extensions></trkpt>
    <trkpt lat="43.301389" lon="5.364080"><time>2026-06-14T09:28:13Z</time><extensions><accuracy>8</accuracy></extensions></trkpt>
    <trkpt lat="43.301375" lon="5.364033"><time>2026-06-14T09:28:16Z</time><extensions><accuracy>11</accuracy></extensions></trkpt>
    <trkpt lat="43.301396" lon="5.364027"><time>2026-06-14T09:28:19Z</time><extensions><accuracy>7</accuracy></extensions></trkpt>
    <trkpt lat="43.301349" lon="5.363954"><time>2026-06-14T09:28:22Z</time><extensions><accuracy>9</accuracy></extensions></trkpt>
    <trkpt lat="43.301301" lon="5.363993"><time>2026-06-14T09:28:25Z</time><extensions><accuracy>6</accuracy></extensions></trkpt>
    <trkpt lat="43.301307" lon="5.363996"><time>2026-06-14T09:28:28Z</time><extensions><accuracy>8</accuracy></extensions></trkpt>
    <trkpt lat="43.301237" lon="5.363956"><time>2026-06-14T09:28:31Z</time><extensions><accuracy>10</accuracy></extensions></trkpt>
    <trkpt lat="43.301272" lon="5.364000"><time>2026-06-14T09:28:34Z</time><extensions><accuracy>9</accuracy></extensions></trkpt>
    <trkpt lat="43.301272" lon="5.364018"><time>2026-06-14T09:28:37Z</time><extensions><accuracy>7</accuracy></extensions></trkpt>
    <trkpt lat="43.301219" lon="5.363948"><time>2026-06-14T09:28:40Z</time><extensions><accuracy>9</accuracy></extensions></trkpt>
    <trkpt lat="43.301181" lon="5.363916"><time>2026-06-14T09:28:43Z</time><extensions><accuracy>12</accuracy></extensions></trkpt>
    <trkpt lat="43.301182" lon="5.363940"><time>2026-06-14T09:28:46Z</time><extensions><accuracy>10</accuracy></extensions></trkpt>
    <trkpt lat="43.301156" lon="5.363908"><time>2026-06-14T09:28:49Z</time><extensions><accuracy>8</accuracy></extensions></trkpt>
    <trkpt lat="43.301151" lon="5.363878"><time>2026-06-14T09:28:52Z</time><extensions><accuracy>10</accuracy></extensions></trkpt>
    <trkpt lat="43.301110" lon="5.363927"><time>2026-06-14T09:28:55Z</time><extensions><accuracy>12</accuracy></extensions></trkpt>
    <trkpt lat="43.301119" lon="5.363843"><time>2026-06-14T09:28:58Z</time><extensions><accuracy>6</accuracy></extensions></trkpt>
    <trkpt lat="43.301112" lon="5.363855"><time>2026-06-14T09:29:01Z</time><extensions><accuracy>9</accuracy></extensions></trkpt>
    <trkpt lat="43.301063" lon="5.363870"><time>2026-06-14T09:29:05Z</time><extensions><accuracy>6</accuracy></extensions></trkpt>
    <trkpt lat="43.301035" lon="5.363772"><time>2026-06-14T09:29:08Z</time><extensions><accuracy>14</accuracy></extensions></trkpt>
    <trkpt lat="43.301001" lon="5.363785"><time>2026-06-14T09:29:11Z</time><extensions><accuracy>6</accuracy></extensions></trkpt>
    <trkpt lat="43.301005" lon="5.363798"><time>2026-06-14T09:29:14Z</time><extensions><accuracy>9</accuracy></extensions></trkpt>
    <trkpt lat="43.300997" lon="5.363784"><time>2026-06-14T09:29:17Z</time><extensions><accuracy>6</accuracy></extensions></trkpt>
    <trkpt lat="43.300991" lon="5.363753"><time>2026-06-14T09:29:20Z</time><extensions><accuracy>10</accuracy></extensions></trkpt>
    <trkpt lat="43.300935" lon="5.363776"><time>2026-06-14T09:29:23Z</time><extensions><accuracy>10</accuracy></extensions></trkpt>
    <trkpt lat="43.300925" lon="5.363732"><time>2026-06-14T09:29:26Z</time><extensions><accuracy>11</accuracy></extensions></trkpt>
    <trkpt lat="43.300893" lon="5.363707"><time>2026-06-14T09:29:29Z</time><extensions><accuracy>12</accuracy></extensions></trkpt>
    <trkpt lat="43.300865" lon="5.363719"><time>2026-06-14T09:29:32Z</time><extensions><accuracy>11</accuracy></extensions></trkpt>
    <trkpt lat="43.300868" lon="5.363709"><time>2026-06-14T09:29:35Z</time><extensions><accuracy>9</accuracy></extensions></trkpt>
    <trkpt lat="43.300837" lon="5.363708"><time>2026-06-14T09:29:38Z</time><extensions><accuracy>8</accuracy></extensions></trkpt>
    <trkpt lat="43.300796" lon="5.363585"><time>2026-06-14T09:29:41Z</time><extensions><accuracy>13</accuracy></extensions></trkpt>
    <trkpt lat="43.300731" lon="5.363697"><time>2026-06-14T09:29:44Z</time><extensions><accuracy>12</accuracy></extensions></trkpt>
    <trkpt lat="43.300786" lon="5.363648"><time>2026-06-14T09:29:47Z</time><extensions><accuracy>13</accuracy></extensions></trkpt>
    <trkpt lat="43.300767" lon="5.363631"><time>2026-06-14T09:29:50Z</time><extensions><accuracy>8</accuracy></extensions></trkpt>
    <trkpt lat="43.300705" lon="5.363617"><time>2026-06-14T09:29:53Z</time><extensions><accuracy>11</accuracy></extensions></trkpt>
    <trkpt lat="43.300679" lon="5.363590"><time>2026-06-14T09:29:56Z</time><extensions><accuracy>13</accuracy></extensions></trkpt>
    <trkpt lat="43.300740" lon="5.363553"><time>2026-06-14T09:29:59Z</time><extensions><accuracy>13</accuracy></extensions></trkpt>
    <trkpt lat="43.300697" lon="5.363557"><time>2026-06-14T09:30:02Z</time><extensions><accuracy>6</accuracy></extensions></trkpt>
    <trkpt lat="43.300675" lon="5.363612"><time>2026-06-14T09:30:05Z</time><extensions><accuracy>10</accuracy></extensions></trkpt>
    <trkpt lat="43.300657" lon="5.363547"><time>2026-06-14T09:30:08Z</time><extensions><accuracy>12</accuracy></extensions></trkpt>
    <trkpt lat="43.300598" lon="5.363545"><time>2026-06-14T09:30:11Z</time><extensions><accuracy>12</accuracy></extensions></trkpt>
    <trkpt lat="43.300602" lon="5.363536"><time>2026-06-14T09:30:14Z</time><extensions><accuracy>13</accuracy></extensions></trkpt>
    <trkpt lat="43.300517" lon="5.363501"><time>2026-06-14T09:30:17Z</time><extensions><accuracy>8</accuracy></extensions></trkpt>
    <trkpt lat="43.300599" lon="5.363527"><time>2026-06-14T09:30:20Z</time><extensions><accuracy>6</accuracy></extensions></trkpt>
    <trkpt lat="43.300559" lon="5.363486"><time>2026-06-14T09:30:23Z</time><extensions><accuracy>13</accuracy></extensions></trkpt>
    <trkpt lat="43.300498" lon="5.363475"><time>2026-06-14T09:30:26Z</time><extensions><accuracy>8</accuracy></extensions></trkpt>
    <trkpt lat="43.300497" lon="5.363497"><time>2026-06-14T09:30:29Z</time><extensions><accuracy>7</accuracy></extensions></trkpt>
    <trkpt lat="43.300503" lon="5.363428"><time>2026-06-14T09:30:32Z</time><extensions><accuracy>11</accuracy></extensions></trkpt>
    <trkpt lat="43.300451" lon="5.363450"><time>2026-06-14T09:30:35Z</time><extensions><accuracy>8</accuracy></extensions></trkpt>
    <trkpt lat="43.300479" lon="5.363416"><time>2026-06-14T09:30:38Z</time><extensions><accuracy>8</accuracy></extensions></trkpt>
    <trkpt lat="43.300374" lon="5.363445"><time>2026-06-14T09:30:41Z</time><extensions><accuracy>13</accuracy></extensions></trkpt>
    <trkpt lat="43.300417" lon="5.363425"><time>2026-06-14T09:30:44Z</time><extensions><accuracy>12</accuracy></extensions></trkpt>
    <trkpt lat="43.300404" lon="5.363431"><time>2026-06-14T09:30:47Z</time><extensions><accuracy>7</accuracy></extensions></trkpt>
    <trkpt lat="43.300325" lon="5.363419"><time>2026-06-14T09:30:50Z</time><extensions><accuracy>6</accuracy></extensions></trkpt>
    <trkpt lat="43.300385" lon="5.363346"><time>2026-06-14T09:30:53Z</time><extensions><accuracy>11</accuracy></extensions></trkpt>
    <trkpt lat="43.300315" lon="5.363399"><time>2026-06-14T09:30:56Z</time><extensions><accuracy>9</accuracy></extensions></trkpt>
    <trkpt lat="43.300288" lon="5.363287"><time>2026-06-14T09:30:59Z</time><extensions><accuracy>10</accuracy></extensions></trkpt>
    <trkpt lat="43.300304" lon="5.363338"><time>2026-06-14T09:31:02Z</time><extensions><accuracy>10</accuracy></extensions></trkpt>
    <trkpt lat="43.300274" lon="5.363302"><time>2026-06-14T09:31:05Z</time><extensions><accuracy>7</accuracy></extensions></trkpt>
    <trkpt lat="43.300227" lon="5.363278"><time>2026-06-14T09:31:08Z</time><extensions><accuracy>13</accuracy></extensions></trkpt>
    <trkpt lat="43.300203" lon="5.363278"><time>2026-06-14T09:31:11Z</time><extensions><accuracy>7</accuracy></extensions></trkpt>
    <trkpt lat="43.300182" lon="5.363241"><time>2026-06-14T09:31:14Z</time><extensions><accuracy>12</accuracy></extensions></trkpt>
    <trkpt lat="43.300147" lon="5.363246"><time>2026-06-14T09:31:17Z</time><extensions><accuracy>11</accuracy></extensions></trkpt>
    <trkpt lat="43.300161" lon="5.363214"><time>2026-06-14T09:31:20Z</time><extensions><accuracy>6</accuracy></extensions></trkpt>
    <trkpt lat="43.300120" lon="5.363219"><time>2026-06-14T09:31:23Z</time><extensions><accuracy>10</accuracy></extensions></trkpt>
    <trkpt lat="43.300098" lon="5.363260"><time>2026-06-14T09:31:26Z</time><extensions><accuracy>7</accuracy></extensions></trkpt>
    <trkpt lat="43.300050" lon="5.363187"><time>2026-06-14T09:31:29Z</time><extensions><accuracy>7</accuracy></extensions></trkpt>
    <trkpt lat="43.300067" lon="5.363170"><time>2026-06-14T09:31:32Z</time><extensions><accuracy>13</accuracy></extensions></trkpt>
    <trkpt lat="43.300074" lon="5.363147"><time>2026-06-14T09:31:35Z</time><extensions><accuracy>14</accuracy></extensions></trkpt>
    <trkpt lat="43.300030" lon="5.363177"><time>2026-06-14T09:31:38Z</time><extensions><accuracy>12</accuracy></extensions></trkpt>
    <trkpt lat="43.300008" lon="5.363145"><time>2026-06-14T09:31:41Z</time><extensions><accuracy>8</accuracy></extensions></trkpt>
    <trkpt lat="43.299969" lon="5.363116"><time>2026-06-14T09:31:44Z</time><extensions><accuracy>12</accuracy></extensions></trkpt>
    <trkpt lat="43.300002" lon="5.363109"><time>2026-06-14T09:31:47Z</time><extensions><accuracy>11</accuracy></extensions></trkpt>
    <trkpt lat="43.299967" lon="5.363163"><time>2026-06-14T09:31:50Z</time><extensions><accuracy>13</accuracy></extensions></trkpt>
    <trkpt lat="43.299949" lon="5.363081"><time>2026-06-14T09:31:53Z</time><extensions><accuracy>13</accuracy></extensions></trkpt>
    <trkpt lat="43.299965" lon="5.363102"><time>2026-06-14T09:31:56Z</time><extensions><accuracy>13</accuracy></extensions></trkpt>
    <trkpt lat="43.299944" lon="5.363034"><time>2026-06-14T09:31:59Z</time><extensions><accuracy>12</accuracy></extensions></trkpt>
    <trkpt lat="43.299882" lon="5.363043"><time>2026-06-14T09:32:02Z</time><extensions><accuracy>14</accuracy></extensions></trkpt>
    <trkpt lat="43.299888" lon="5.363085"><time>2026-06-14T09:32:05Z</time><extensions><accuracy>9</accuracy></extensions></trkpt>
    <trkpt lat="43.299825" lon="5.363066"><time>2026-06-14T09:32:08Z</time><extensions><accuracy>11</accuracy></extensions></trkpt>
    <trkpt lat="43.299796" lon="5.362953"><time>2026-06-14T09:32:11Z</time><extensions><accuracy>9</accuracy></extensions></trkpt>
    <trkpt lat="43.299784" lon="5.363014"><time>2026-06-14T09:32:14Z</time><extensions><accuracy>13</accuracy></extensions></trkpt>
    <trkpt lat="43.299748" lon="5.362947"><time>2026-06-14T09:32:17Z</time><extensions><accuracy>12</accuracy></extensions></trkpt>
    <trkpt lat="43.299780" lon="5.362980"><time>2026-06-14T09:32:20Z</time><extensions><accuracy>7</accuracy></extensions></trkpt>
    <trkpt lat="43.299737" lon="5.362959"><time>2026-06-14T09:32:23Z</time><extensions><accuracy>12</accuracy></extensions></trkpt>
    <trkpt lat="43.299714" lon="5.362870"><time>2026-06-14T09:32:26Z</time><extensions><accuracy>12</accuracy></extensions></trkpt>
    <trkpt lat="43.299676" lon="5.363003"><time>2026-06-14T09:32:29Z</time><extensions><accuracy>10</accuracy></extensions></trkpt>
    <trkpt lat="43.299613" lon="5.362903"><time>2026-06-14T09:32:32Z</time><extensions><accuracy>8</accuracy></extensions></trkpt>
    <trkpt lat="43.299657" lon="5.362881"><time>2026-06-14T09:32:35Z</time><extensions><accuracy>11</accuracy></extensions></trkpt>
    <trkpt lat="43.299637" lon="5.362939"><time>2026-06-14T09:32:38Z</time><extensions><accuracy>11</accuracy></extensions></trkpt>
    <trkpt lat="43.299648" lon="5.362891"><time>2026-06-14T09:32:41Z</time><extensions><accuracy>6</accuracy></extensions></trkpt>
    <trkpt lat="43.299604" lon="5.362835"><time>2026-06-14T09:32:44Z</time><extensions><accuracy>10</accuracy></extensions></trkpt>
    <trkpt lat="43.299553" lon="5.362925"><time>2026-06-14T09:32:47Z</time><extensions><accuracy>13</accuracy></extensions></trkpt>
    <trkpt lat="43.299516" lon="5.362843"><time>2026-06-14T09:32:50Z</time><extensions><accuracy>6</accuracy></extensions></trkpt>
    <trkpt lat="43.299539" lon="5.362852"><time>2026-06-14T09:32:53Z</time><extensions><accuracy>10</accuracy></extensions></trkpt>
    <trkpt lat="43.299530" lon="5.362832"><time>2026-06-14T09:32:56Z</time><extensions><accuracy>11</accuracy></extensions></trkpt>
    <trkpt lat="43.299534" lon="5.362789"><time>2026-06-14T09:32:59Z</time><extensions><accuracy>10</accuracy></extensions></trkpt>
    <trkpt lat="43.299462" lon="5.362767"><time>2026-06-14T09:33:02Z</time><extensions><accuracy>6</accuracy></extensions></trkpt>
    <trkpt lat="43.299442" lon="5.362763"><time>2026-06-14T09:33:05Z</time><extensions><accuracy>7</accuracy></extensions></trkpt>
    <trkpt lat="43.299455" lon="5.362785"><time>2026-06-14T09:33:08Z</time><extensions><accuracy>13</accuracy></extensions></trkpt>
    <trkpt lat="43.299389" lon="5.362677"><time>2026-06-14T09:33:11Z</time><extensions><accuracy>9</accuracy></extensions></trkpt>
    <trkpt lat="43.299396" lon="5.362714"><time>2026-06-14T09:33:14Z</time><extensions><accuracy>9</accuracy></extensions></trkpt>
    <trkpt lat="43.299336" lon="5.362657"><time>2026-06-14T09:33:17Z</time><extensions><accuracy>12</accuracy></extensions></trkpt>
    <trkpt lat="43.299356" lon="5.362680"><time>2026-06-14T09:33:20Z</time><extensions><accuracy>11</accuracy></extensions></trkpt>
    <trkpt lat="43.299350" lon="5.362676"><time>2026-06-14T09:33:23Z</time><extensions><accuracy>13</accuracy></extensions></trkpt>
    <trkpt lat="43.299268" lon="5.362675"><time>2026-06-14T09:33:26Z</time><extensions><accuracy>10</accuracy></extensions></trkpt>
    <trkpt lat="43.299304" lon="5.362605"><time>2026-06-14T09:33:29Z</time><extensions><accuracy>8</accuracy></extensions></trkpt>
    <trkpt lat="43.299271" lon="5.362647"><time>2026-06-14T09:33:32Z</time><extensions><accuracy>13</accuracy></extensions></trkpt>
    <trkpt lat="43.299210" lon="5.362654"><time>2026-06-14T09:33:35Z</time><extensions><accuracy>8</accuracy></extensions></trkpt>
    <trkpt lat="43.299210" lon="5.362601"><time>2026-06-14T09:33:38Z</time><extensions><accuracy>9</accuracy></extensions></trkpt>
    <trkpt lat="43.299200" lon="5.362596"><time>2026-06-14T09:33:41Z</time><extensions><accuracy>9</accuracy></extensions></trkpt>
    <trkpt lat="43.299150" lon="5.362559"><time>2026-06-14T09:33:44Z</time><extensions><accuracy>8</accuracy></extensions></trkpt>
    <trkpt lat="43.299182" lon="5.362601"><time>2026-06-14T09:33:47Z</time><extensions><accuracy>8</accuracy></extensions></trkpt>
    <trkpt lat="43.299162" lon="5.362551"><time>2026-06-14T09:33:50Z</time><extensions><accuracy>7</accuracy></extensions></trkpt>
    <trkpt lat="43.299140" lon="5.362564"><time>2026-06-14T09:33:53Z</time><extensions><accuracy>10</accuracy></extensions></trkpt>
    <trkpt lat="43.299085" lon="5.362550"><time>2026-06-14T09:33:56Z</time><extensions><accuracy>10</accuracy></extensions></trkpt>
    <trkpt lat="43.299098" lon="5.362545"><time>2026-06-14T09:33:59Z</time><extensions><accuracy>8</accuracy></extensions></trkpt>
    <trkpt lat="43.299053" lon="5.362557"><time>2026-06-14T09:34:02Z</time><extensions><accuracy>7</accuracy></extensions></trkpt>
    <trkpt lat="43.299033" lon="5.362553"><time>2026-06-14T09:34:05Z</time><extensions><accuracy>14</accuracy></extensions></trkpt>
    <trkpt lat="43.299025" lon="5.362457"><time>2026-06-14T09:34:08Z</time><extensions><accuracy>11</accuracy></extensions></trkpt>
    <trkpt lat="43.299008" lon="5.362452"><time>2026-06-14T09:34:11Z</time><extensions><accuracy>9</accuracy></extensions></trkpt>
    <trkpt lat="43.298992" lon="5.362471"><time>2026-06-14T09:34:14Z</time><extensions><accuracy>7</accuracy></extensions></trkpt>
    <trkpt lat="43.298971" lon="5.362494"><time>2026-06-14T09:34:17Z</time><extensions><accuracy>10</accuracy></extensions></trkpt>
    <trkpt lat="43.298976" lon="5.362484"><time>2026-06-14T09:34:20Z</time><extensions><accuracy>11</accuracy></extensions></trkpt>
    <trkpt lat="43.298910" lon="5.362447"><time>2026-06-14T09:34:23Z</time><extensions><accuracy>9</accuracy></extensions></trkpt>
    <trkpt lat="43.298911" lon="5.362424"><time>2026-06-14T09:34:26Z</time><extensions><accuracy>13</accuracy></extensions></trkpt>
    <trkpt lat="43.298915" lon="5.362394"><time>2026-06-14T09:34:29Z</time><extensions><accuracy>12</accuracy></extensions></trkpt>
    <trkpt lat="43.298888" lon="5.362390"><time>2026-06-14T09:34:32Z</time><extensions><accuracy>7</accuracy></extensions></trkpt>
    <trkpt lat="43.298851" lon="5.362359"><time>2026-06-14T09:34:35Z</time><extensions><accuracy>9</accuracy></extensions></trkpt>
    <trkpt lat="43.298783" lon="5.362378"><time>2026-06-14T09:34:38Z</time><extensions><accuracy>12</accuracy></extensions></trkpt>
    <trkpt lat="43.298777" lon="5.362344"><time>2026-06-14T09:34:41Z</time><extensions><accuracy>12</accuracy></extensions></trkpt>
    <trkpt lat="43.298760" lon="5.362318"><time>2026-06-14T09:34:44Z</time><extensions><accuracy>10</accuracy></extensions></trkpt>
    <trkpt lat="43.298746" lon="5.362349"><time>2026-06-14T09:34:47Z</time><extensions><accuracy>13</accuracy></extensions></trkpt>
    <trkpt lat="43.298743" lon="5.362310"><time>2026-06-14T09:34:50Z</time><extensions><accuracy>7</accuracy></extensions></trkpt>
    <trkpt lat="43.298721" lon="5.362314"><time>2026-06-14T09:34:53Z</time><extensions><accuracy>7</accuracy></extensions></trkpt>
    <trkpt lat="43.298706" lon="5.362266"><time>2026-06-14T09:34:56Z</time><extensions><accuracy>13</accuracy></extensions></trkpt>
    <trkpt lat="43.298679" lon="5.362256"><time>2026-06-14T09:34:59Z</time><extensions><accuracy>13</accuracy></extensions></trkpt>
    <trkpt lat="43.298665" lon="5.362212"><time>2026-06-14T09:35:02Z</time><extensions><accuracy>13</accuracy></extensions></trkpt>
    <trkpt lat="43.298655" lon="5.362229"><time>2026-06-14T09:35:05Z</time><extensions><accuracy>7</accuracy></extensions></trkpt>
    <trkpt lat="43.298657" lon="5.362157"><time>2026-06-14T09:35:08Z</time><extensions><accuracy>7</accuracy></extensions></trkpt>
    <trkpt lat="43.298625" lon="5.362220"><time>2026-06-14T09:35:11Z</time><extensions><accuracy>6</accuracy></extensions></trkpt>
    <trkpt lat="43.298566" lon="5.362161"><time>2026-06-14T09:35:14Z</time><extensions><accuracy>9</accuracy></extensions></trkpt>
    <trkpt lat="43.298551" lon="5.362187"><time>2026-06-14T09:35:17Z</time><extensions><accuracy>7</accuracy></extensions></trkpt>
    <trkpt lat="43.298542" lon="5.362166"><time>2026-06-14T09:35:20Z</time><extensions><accuracy>10</accuracy></extensions></trkpt>
    <trkpt lat="43.298463" lon="5.362106"><time>2026-06-14T09:35:23Z</time><extensions><accuracy>9</accuracy></extensions></trkpt>
    <trkpt lat="43.298496" lon="5.362148"><time>2026-06-14T09:35:26Z</time><extensions><accuracy>9</accuracy></extensions></trkpt>
    <trkpt lat="43.298476" lon="5.362142"><time>2026-06-14T09:35:29Z</time><extensions><accuracy>13</accuracy></extensions></trkpt>
    <trkpt lat="43.298491" lon="5.362093"><time>2026-06-14T09:35:32Z</time><extensions><accuracy>14</accuracy></extensions></trkpt>
    <trkpt lat="43.298449" lon="5.362074"><time>2026-06-14T09:35:35Z</time><extensions><accuracy>10</accuracy></extensions></trkpt>
    <trkpt lat="43.298436" lon="5.362122"><time>2026-06-14T09:35:38Z</time><extensions><accuracy>10</accuracy></extensions></trkpt>
    <trkpt lat="43.298364" lon="5.362050"><time>2026-06-14T09:35:41Z</time><extensions><accuracy>9</accuracy></extensions></trkpt>
    <trkpt lat="43.298424" lon="5.362099"><time>2026-06-14T09:35:44Z</time><extensions><accuracy>8</accuracy></extensions></trkpt>
    <trkpt lat="43.298385" lon="5.362060"><time>2026-06-14T09:35:47Z</time><extensions><accuracy>11</accuracy></extensions></trkpt>
    <trkpt lat="43.298344" lon="5.362003"><time>2026-06-14T09:35:50Z</time><extensions><accuracy>10</accuracy></extensions></trkpt>
    <trkpt lat="43.298314" lon="5.362003"><time>2026-06-14T09:35:53Z</time><extensions><accuracy>10</accuracy></extensions></trkpt>
    <trkpt lat="43.298312" lon="5.361986"><time>2026-06-14T09:35:56Z</time><extensions><accuracy>11</accuracy></extensions></trkpt>
    <trkpt lat="43.298256" lon="5.362006"><time>2026-06-14T09:35:59Z</time><extensions><accuracy>11</accuracy></extensions></trkpt>
    <trkpt lat="43.298226" lon="5.361927"><time>2026-06-14T09:36:02Z</time><extensions><accuracy>7</accuracy></extensions></trkpt>
    <trkpt lat="43.298277" lon="5.361955"><time>2026-06-14T09:36:06Z</time><extensions><accuracy>8</accuracy></extensions></trkpt>
    <trkpt lat="43.298246" lon="5.361939"><time>2026-06-14T09:36:09Z</time><extensions><accuracy>13</accuracy></extensions></trkpt>
    <trkpt lat="43.298217" lon="5.361990"><time>2026-06-14T09:36:12Z</time><extensions><accuracy>10</accuracy></extensions></trkpt>
    <trkpt lat="43.298184" lon="5.361955"><time>2026-06-14T09:36:15Z</time><extensions><accuracy>12</accuracy></extensions></trkpt>
    <trkpt lat="43.298175" lon="5.361864"><time>2026-06-14T09:36:18Z</time><extensions><accuracy>11</accuracy></extensions></trkpt>
    <trkpt lat="43.298127" lon="5.361916"><time>2026-06-14T09:36:21Z</time><extensions><accuracy>13</accuracy></extensions></trkpt>
    <trkpt lat="43.298125" lon="5.361902"><time>2026-06-14T09:36:24Z</time><extensions><accuracy>13</accuracy></extensions></trkpt>
    <trkpt lat="43.298068" lon="5.361941"><time>2026-06-14T09:36:27Z</time><extensions><accuracy>8</accuracy></extensions></trkpt>
    <trkpt lat="43.298057" lon="5.361920"><time>2026-06-14T09:36:30Z</time><extensions><accuracy>13</accuracy></extensions></trkpt>
    <trkpt lat="43.298022" lon="5.361896"><time>2026-06-14T09:36:33Z</time><extensions><accuracy>7</accuracy></extensions></trkpt>
    <trkpt lat="43.298000" lon="5.361877"><time>2026-06-14T09:36:36Z</time><extensions><accuracy>11</accuracy></extensions></trkpt>
    <trkpt lat="43.298032" lon="5.361874"><time>2026-06-14T09:36:39Z</time><extensions><accuracy>12</accuracy></extensions></trkpt>
    <trkpt lat="43.298013" lon="5.361848"><time>2026-06-14T09:36:42Z</time><extensions><accuracy>12</accuracy></extensions></trkpt>
    <trkpt lat="43.297958" lon="5.361811"><time>2026-06-14T09:36:45Z</time><extensions><accuracy>12</accuracy></extensions></trkpt>
    <trkpt lat="43.297915" lon="5.361891"><time>2026-06-14T09:36:48Z</time><extensions><accuracy>8</accuracy></extensions></trkpt>
    <trkpt lat="43.297925" lon="5.361859"><time>2026-06-14T09:36:51Z</time><extensions><accuracy>6</accuracy></extensions></trkpt>
    <trkpt lat="43.297866" lon="5.361730"><time>2026-06-14T09:36:54Z</time><extensions><accuracy>13</accuracy></extensions></trkpt>
    <trkpt lat="43.297904" lon="5.361821"><time>2026-06-14T09:36:57Z</time><extensions><accuracy>9</accuracy></extensions></trkpt>
    <trkpt lat="43.297865" lon="5.361766"><time>2026-06-14T09:37:00Z</time><extensions><accuracy>8</accuracy></extensions></trkpt>
    <trkpt lat="43.297850" lon="5.361798"><time>2026-06-14T09:37:03Z</time><extensions><accuracy>14</accuracy></extensions></trkpt>
    <trkpt lat="43.297787" lon="5.361769"><time>2026-06-14T09:37:06Z</time><extensions><accuracy>7</accuracy></extensions></trkpt>
    <trkpt lat="43.297791" lon="5.361853"><time>2026-06-14T09:37:09Z</time><extensions><accuracy>14</accuracy></extensions></trkpt>
    <trkpt lat="43.297729" lon="5.361765"><time>2026-06-14T09:37:12Z</time><extensions><accuracy>7</accuracy></extensions></trkpt>
    <trkpt lat="43.297730" lon="5.361722"><time>2026-06-14T09:37:15Z</time><extensions><accuracy>11</accuracy></extensions></trkpt>
    <trkpt lat="43.297715" lon="5.361827"><time>2026-06-14T09:37:18Z</time><extensions><accuracy>14</accuracy></extensions></trkpt>
    <trkpt lat="43.297697" lon="5.361715"><time>2026-06-14T09:37:21Z</time><extensions><accuracy>10</accuracy></extensions></trkpt>
    <trkpt lat="43.297680" lon="5.361790"><time>2026-06-14T09:37:25Z</time><extensions><accuracy>12</accuracy></extensions></trkpt>
    <trkpt lat="43.297664" lon="5.361703"><time>2026-06-14T09:37:28Z</time><extensions><accuracy>8</accuracy></extensions></trkpt>
    <trkpt lat="43.297609" lon="5.361701"><time>2026-06-14T09:37:31Z</time><extensions><accuracy>12</accuracy></extensions></trkpt>
    <trkpt lat="43.297611" lon="5.361677"><time>2026-06-14T09:37:34Z</time><extensions><accuracy>12</accuracy></extensions></trkpt>
    <trkpt lat="43.297616" lon="5.361691"><time>2026-06-14T09:37:37Z</time><extensions><accuracy>11</accuracy></extensions></trkpt>
    <trkpt lat="43.297566" lon="5.361652"><time>2026-06-14T09:37:40Z</time><extensions><accuracy>8</accuracy></extensions></trkpt>
    <trkpt lat="43.297579" lon="5.361679"><time>2026-06-14T09:37:43Z</time><extensions><accuracy>12</accuracy></extensions></trkpt>
    <trkpt lat="43.297532" lon="5.361697"><time>2026-06-14T09:37:46Z</time><extensions><accuracy>8</accuracy></extensions></trkpt>
    <trkpt lat="43.297549" lon="5.361635"><time>2026-06-14T09:37:49Z</time><extensions><accuracy>10</accuracy></extensions></trkpt>
    <trkpt lat="43.297508" lon="5.361644"><time>2026-06-14T09:37:52Z</time><extensions><accuracy>10</accuracy></extensions></trkpt>
    <trkpt lat="43.297462" lon="5.361594"><time>2026-06-14T09:37:55Z</time><extensions><accuracy>7</accuracy></extensions></trkpt>
    <trkpt lat="43.297428" lon="5.361628"><time>2026-06-14T09:37:58Z</time><extensions><accuracy>12</accuracy></extensions></trkpt>
    <trkpt lat="43.297386" lon="5.361556"><time>2026-06-14T09:38:01Z</time><extensions><accuracy>7</accuracy></extensions></trkpt>
    <trkpt lat="43.297389" lon="5.361598"><time>2026-06-14T09:38:04Z</time><extensions><accuracy>11</accuracy></extensions></trkpt>
    <trkpt lat="43.297386" lon="5.361552"><time>2026-06-14T09:38:07Z</time><extensions><accuracy>6</accuracy></extensions></trkpt>
    <trkpt lat="43.297364" lon="5.361588"><time>2026-06-14T09:38:10Z</time><extensions><accuracy>8</accuracy></extensions></trkpt>
    <trkpt lat="43.297306" lon="5.361538"><time>2026-06-14T09:38:13Z</time><extensions><accuracy>13</accuracy></extensions></trkpt>
    <trkpt lat="43.297326" lon="5.361547"><time>2026-06-14T09:38:16Z</time><extensions><accuracy>11</accuracy></extensions></trkpt>
    <trkpt lat="43.297265" lon="5.361594"><time>2026-06-14T09:38:19Z</time><extensions><accuracy>8</accuracy></extensions></trkpt>
    <trkpt lat="43.297276" lon="5.361543"><time>2026-06-14T09:38:22Z</time><extensions><accuracy>9</accuracy></extensions></trkpt>
    <trkpt lat="43.297240" lon="5.361532"><time>2026-06-14T09:38:25Z</time><extensions><accuracy>10</accuracy></extensions></trkpt>
    <trkpt lat="43.297222" lon="5.361522"><time>2026-06-14T09:38:28Z</time><extensions><accuracy>10</accuracy></extensions></trkpt>
    <trkpt lat="43.297182" lon="5.361522"><time>2026-06-14T09:38:31Z</time><extensions><accuracy>11</accuracy></extensions></trkpt>
    <trkpt lat="43.297174" lon="5.361526"><time>2026-06-14T09:38:34Z</time><extensions><accuracy>11</accuracy></extensions></trkpt>
    <trkpt lat="43.297189" lon="5.361449"><time>2026-06-14T09:38:37Z</time><extensions><accuracy>12</accuracy></extensions></trkpt>
    <trkpt lat="43.297125" lon="5.361480"><time>2026-06-14T09:38:41Z</time><extensions><accuracy>13</accuracy></extensions></trkpt>
    <trkpt lat="43.297090" lon="5.361446"><time>2026-06-14T09:38:44Z</time><extensions><accuracy>7</accuracy></extensions></trkpt>
    <trkpt lat="43.297090" lon="5.361457"><time>2026-06-14T09:38:47Z</time><extensions><accuracy>11</accuracy></extensions></trkpt>
    <trkpt lat="43.297098" lon="5.361459"><time>2026-06-14T09:38:50Z</time><extensions><accuracy>8</accuracy></extensions></trkpt>
    <trkpt lat="43.297044" lon="5.361415"><time>2026-06-14T09:38:53Z</time><extensions><accuracy>14</accuracy></extensions></trkpt>
    <trkpt lat="43.297039" lon="5.361432"><time>2026-06-14T09:38:56Z</time><extensions><accuracy>13</accuracy></extensions></trkpt>
    <trkpt lat="43.297001" lon="5.361413"><time>2026-06-14T09:38:59Z</time><extensions><accuracy>11</accuracy></extensions></trkpt>
    <trkpt lat="43.296977" lon="5.361400"><time>2026-06-14T09:39:02Z</time><extensions><accuracy>9</accuracy></extensions></trkpt>
    <trkpt lat="43.296984" lon="5.361390"><time>2026-06-14T09:39:05Z</time><extensions><accuracy>12</accuracy></extensions></trkpt>
    <trkpt lat="43.296925" lon="5.361390"><time>2026-06-14T09:39:08Z</time><extensions><accuracy>11</accuracy></extensions></trkpt>
    <trkpt lat="43.296937" lon="5.361360"><time>2026-06-14T09:39:11Z</time><extensions><accuracy>14</accuracy></extensions></trkpt>
    <trkpt lat="43.296901" lon="5.361392"><time>2026-06-14T09:39:14Z</time><extensions><accuracy>6</accuracy></extensions></trkpt>
    <trkpt lat="43.296885" lon="5.361352"><time>2026-06-14T09:39:17Z</time><extensions><accuracy>8</accuracy></extensions></trkpt>
    <trkpt lat="43.296885" lon="5.361326"><time>2026-06-14T09:39:20Z</time><extensions><accuracy>7</accuracy></extensions></trkpt>
    <trkpt lat="43.296844" lon="5.361311"><time>2026-06-14T09:39:23Z</time><extensions><accuracy>10</accuracy></extensions></trkpt>
    <trkpt lat="43.296823" lon="5.361321"><time>2026-06-14T09:39:26Z</time><extensions><accuracy>12</accuracy></extensions></trkpt>
    <trkpt lat="43.296796" lon="5.361283"><time>2026-06-14T09:39:29Z</time><extensions><accuracy>12</accuracy></extensions></trkpt>
    <trkpt lat="43.296741" lon="5.361335"><time>2026-06-14T09:39:32Z</time><extensions><accuracy>8</accuracy></extensions></trkpt>
    <trkpt lat="43.296746" lon="5.361286"><time>2026-06-14T09:39:35Z</time><extensions><accuracy>11</accuracy></extensions></trkpt>
  </trkseg></trk>
</gpx>
